urn:cts:perslit:khayyam.robaee:100	khayyam		robaee	"
رباعی شمارهٔ ۱۰۰"		از بودنی ایدوست چه داری تیمار%وزفکرت بیهوده دل و جان افکار||خرم بزی و جهان بشادی گذران%تدبیر نه با تو کرده‌اند اول کار
urn:cts:perslit:khayyam.robaee:101	khayyam		robaee	"
رباعی شمارهٔ ۱۰۱"		افلاک که جز غم نفزایند دگر%ننهند بجا تا نربایند دگر||ناآمدگان اگر بدانند که ما%از دهر چه میکشیم نایند دگر
urn:cts:perslit:khayyam.robaee:102	khayyam		robaee	"
رباعی شمارهٔ ۱۰۲"		ای دل غم این جهان فرسوده مخور%بیهوده نئی غمان بیهوده مخور||چون بوده گذشت و نیست نابوده پدید%خوش باش غم بوده و نابوده مخور
urn:cts:perslit:khayyam.robaee:103	khayyam		robaee	"
رباعی شمارهٔ ۱۰۳"		ایدل همه اسباب جهان خواسته گیر%باغ طربت به سبزه آراسته گیر||و آنگاه بر آن سبزه شبی چون شبنم%بنشسته و بامداد برخاسته گیر
urn:cts:perslit:khayyam.robaee:104	khayyam		robaee	"
رباعی شمارهٔ ۱۰۴"		این اهل قبور خاک گشتند و غبار%هر ذره ز هر ذره گرفتند کنار||آه این چه شراب است که تا روز شمار%بیخود شده و بی‌خبرند از همه کار
urn:cts:perslit:khayyam.robaee:105	khayyam		robaee	"
رباعی شمارهٔ ۱۰۵"		خشت سر خم ز ملکت جم خوشتر%بوی قدح از غذای مریم خوشتر||آه سحری ز سینه خماری%از ناله بوسعید و ادهم خوشتر
urn:cts:perslit:khayyam.robaee:106	khayyam		robaee	"
رباعی شمارهٔ ۱۰۶"		در دایره سپهر ناپیدا غور%جامی‌ست که جمله را چشانند بدور||نوبت چو به دور تو رسد آه مکن%می نوش به خوشدلی که دور است نه جور
urn:cts:perslit:khayyam.robaee:107	khayyam		robaee	"
رباعی شمارهٔ ۱۰۷"		دی کوزه‌گری بدیدم اندر بازار%بر پاره گلی لگد همی زد بسیار||و آن گل بزبان حال با او می‌گفت%من همچو تو بوده‌ام مرا نیکودار
urn:cts:perslit:khayyam.robaee:108	khayyam		robaee	"
رباعی شمارهٔ ۱۰۸"		ز آن می که حیات جاودانیست بخور%سرمایه لذت جوانی است بخور||سوزنده چو آتش است لیکن غم را%سازنده چو آب زندگانی است بخور
urn:cts:perslit:khayyam.robaee:109	khayyam		robaee	"
رباعی شمارهٔ ۱۰۹"		گر باده خوری تو با خردمندان خور%یا با صنمی لاله رخی خندان خور||بسیار مخور و رد مکن فاش مساز%اندک خور و گه گاه خور و پنهان خور
urn:cts:perslit:khayyam.robaee:10	khayyam		robaee	"
رباعی شمارهٔ ۱۰"		امروز ترا دسترس فردا نیست%و اندیشه فردات بجز سودا نیست||ضایع مکن این دم ار دلت شیدا نیست%کاین باقی عمر را بها پیدا نیست
urn:cts:perslit:khayyam.robaee:110	khayyam		robaee	"
رباعی شمارهٔ ۱۱۰"		وقت سحر است خیز ای طرفه پسر%پر بادهٔ لعل کن بلورین ساغر||کاین یکدم عاریت در این کنج فنا%بسیار بجویی و نیابی دیگر
urn:cts:perslit:khayyam.robaee:111	khayyam		robaee	"
رباعی شمارهٔ ۱۱۱"		از جمله رفتگان این راه دراز%باز آمده کیست تا بما گوید باز||پس بر سر این دو راههٔ آز و نیاز%تا هیچ نمانی که نمی‌آیی باز
urn:cts:perslit:khayyam.robaee:112	khayyam		robaee	"
رباعی شمارهٔ ۱۱۲"		ای پیر خردمند پگه‌تر برخیز%و آن کودک خاکبیز را بنگر تیز||پندش ده گو که نرم نرمک می‌بیز%مغز سر کیقباد و چشم پرویز
urn:cts:perslit:khayyam.robaee:113	khayyam		robaee	"
رباعی شمارهٔ ۱۱۳"		وقت سحر است خیز ای مایه ناز%نرمک نرمک باده خور و چنگ نواز||کانها که بجایند نپایند بسی%و آنها که شدند کس نمیاید باز
urn:cts:perslit:khayyam.robaee:114	khayyam		robaee	"
رباعی شمارهٔ ۱۱۴"		مرغی دیدم نشسته بر باره طوس%در پیش نهاده کله کیکاووس||با کله همی گفت که افسوس افسوس%کو بانگ جرسها و کجا ناله کوس
urn:cts:perslit:khayyam.robaee:115	khayyam		robaee	"
رباعی شمارهٔ ۱۱۵"		جامی است که عقل آفرین میزندش%صد بوسه ز مهر بر جبین میزندش||این کوزه‌گر دهر چنین جام لطیف%می‌سازد و باز بر زمین میزندش
urn:cts:perslit:khayyam.robaee:116	khayyam		robaee	"
رباعی شمارهٔ ۱۱۶"		خیام اگر ز باده مستی خوش باش%با ماهرخی اگر نشستی خوش باش||چون عاقبت کار جهان نیستی است%انگار که نیستی چو هستی خوش باش
urn:cts:perslit:khayyam.robaee:117	khayyam		robaee	"
رباعی شمارهٔ ۱۱۷"		در کارگه کوزه‌گری رفتم دوش%دیدم دو هزار کوزه گویا و خموش||ناگاه یکی کوزه برآورد خروش%کو کوزه‌گر و کوزه‌خر و کوزه فروش
urn:cts:perslit:khayyam.robaee:118	khayyam		robaee	"
رباعی شمارهٔ ۱۱۸"		ایام زمانه از کسی دارد ننگ%کو در غم ایام نشیند دلتنگ||می خور تو در آبگینه با ناله چنگ%زان پیش که آبگینه آید بر سنگ
urn:cts:perslit:khayyam.robaee:119	khayyam		robaee	"
رباعی شمارهٔ ۱۱۹"		از جرم گل سیاه تا اوج زحل%کردم همه مشکلات کلی را حل||بگشادم بندهای مشکل به حیل%هر بند گشاده شد بجز بند اجل
urn:cts:perslit:khayyam.robaee:11	khayyam		robaee	"
رباعی شمارهٔ ۱۱"		ای آمده از عالم روحانی تفت%حیران شده در پنج و چهار و شش و هفت||می نوش ندانی ز کجا آمده‌ای%خوش باش ندانی بکجا خواهی رفت
urn:cts:perslit:khayyam.robaee:120	khayyam		robaee	"
رباعی شمارهٔ ۱۲۰"		با سرو قدی تازه‌تر از خرمن گل%از دست منه جام می و دامن گل||زان پیش که ناگه شود از باد اجل%پیراهن عمر ما چو پیراهن گل
urn:cts:perslit:khayyam.robaee:121	khayyam		robaee	"
رباعی شمارهٔ ۱۲۱"		ای دوست بیا تا غم فردا نخوریم%وین یکدم عمر را غنیمت شمریم||فردا که ازین دیر فنا درگذریم%با هفت هزار سالگان سر بسریم
urn:cts:perslit:khayyam.robaee:122	khayyam		robaee	"
رباعی شمارهٔ ۱۲۲"		این چرخ فلک که ما در او حیرانیم%فانوس خیال از او مثالی دانیم||خورشید چراغ دان و عالم فانوس%ما چون صوریم کاندر او حیرانیم
urn:cts:perslit:khayyam.robaee:123	khayyam		robaee	"
رباعی شمارهٔ ۱۲۳"		برخیز ز خواب تا شرابی بخوریم%زان پیش که از زمانه تابی بخوریم||کاین چرخ ستیزه روی ناگه روزی%چندان ندهد زمان که آبی بخوریم
urn:cts:perslit:khayyam.robaee:124	khayyam		robaee	"
رباعی شمارهٔ ۱۲۴"		برخیزم و عزم باده ناب کنم%رنگ رخ خود به رنگ عناب کنم||این عقل فضول پیشه را مشتی می%بر روی زنم چنانکه در خواب کنم
urn:cts:perslit:khayyam.robaee:125	khayyam		robaee	"
رباعی شمارهٔ ۱۲۵"		بر مفرش خاک خفتگان می‌بینم%در زیرزمین نهفتگان می‌بینم||چندانکه به صحرای عدم مینگرم%ناآمدگان و رفتگان می‌بینم
urn:cts:perslit:khayyam.robaee:126	khayyam		robaee	"
رباعی شمارهٔ ۱۲۶"		تا چند اسیر عقل هر روزه شویم%در دهر چه صد ساله چه یکروزه شویم||در ده تو بکاسه می از آن پیش که ما%در کارگه کوزه‌گران کوزه شویم
urn:cts:perslit:khayyam.robaee:127	khayyam		robaee	"
رباعی شمارهٔ ۱۲۷"		چون نیست مقام ما در این دهر مقیم%پس بی می و معشوق خطائیست عظیم||تا کی ز قدیم و محدث امیدم و بیم%چون من رفتم جهان چه محدث چه قدیم
urn:cts:perslit:khayyam.robaee:128	khayyam		robaee	"
رباعی شمارهٔ ۱۲۸"		خورشید به گل نهفت می‌نتوانم%و اسراز زمانه گفت می‌نتوانم||از بحر تفکرم برآورد خرد%دری که ز بیم سفت می‌نتوانم
urn:cts:perslit:khayyam.robaee:129	khayyam		robaee	"
رباعی شمارهٔ ۱۲۹"		دشمن به غلط گفت که من فلسفیم%ایزد داند که آنچه او گفت نیم||لیکن چو در این غم آشیان آمده‌ام%آخر کم از آنکه من بدانم که کیم
urn:cts:perslit:khayyam.robaee:12	khayyam		robaee	"
رباعی شمارهٔ ۱۲"		ای چرخ فلک خرابی از کینه تست%بیدادگری شیوه دیرینه تست||ای خاک اگر سینه تو بشکافند%بس گوهر قیمتی که در سینه تست
urn:cts:perslit:khayyam.robaee:130	khayyam		robaee	"
رباعی شمارهٔ ۱۳۰"		مائیم که اصل شادی و کان غمیم%سرمایهٔ دادیم و نهاد ستمیم||پستیم و بلندیم و کمالیم و کمیم%آئینهٔ زنگ خورده و جام جمیم
urn:cts:perslit:khayyam.robaee:131	khayyam		robaee	"
رباعی شمارهٔ ۱۳۱"		من می نه ز بهر تنگدستی نخورم%یا از غم رسوایی و مستی نخورم||من می ز برای خوشدلی میخوردم%اکنون که تو بر دلم نشستی نخورم
urn:cts:perslit:khayyam.robaee:132	khayyam		robaee	"
رباعی شمارهٔ ۱۳۲"		من بی می ناب زیستن نتوانم%بی باده کشید بارتن نتوانم||من بنده آن دمم که ساقی گوید%یک جام دگر بگیر و من نتوانم
urn:cts:perslit:khayyam.robaee:133	khayyam		robaee	"
رباعی شمارهٔ ۱۳۳"		هر یک چندی یکی برآید که منم%با نعمت و با سیم و زر آید که منم||چون کارک او نظام گیرد روزی%ناگه اجل از کمین برآید که منم
urn:cts:perslit:khayyam.robaee:134	khayyam		robaee	"
رباعی شمارهٔ ۱۳۴"		یک چند به کودکی باستاد شدیم%یک چند به استادی خود شاد شدیم||پایان سخن شنو که ما را چه رسید%از خاک در آمدیم و بر باد شدیم
urn:cts:perslit:khayyam.robaee:135	khayyam		robaee	"
رباعی شمارهٔ ۱۳۵"		یک روز ز بند عالم آزاد نیم%یک دمزدن از وجود خود شاد نیم||شاگردی روزگار کردم بسیار%در کار جهان هنوز استاد نیم
urn:cts:perslit:khayyam.robaee:136	khayyam		robaee	"
رباعی شمارهٔ ۱۳۶"		از دی که گذشت هیچ ازو یاد مکن%فردا که نیامده ست فریاد مکن||برنامده و گذشته بنیاد مکن%حالی خوش باش و عمر بر باد مکن
urn:cts:perslit:khayyam.robaee:137	khayyam		robaee	"
رباعی شمارهٔ ۱۳۷"		ای دیده اگر کور نئی گور ببین%وین عالم پر فتنه و پر شور ببین||شاهان و سران و سروران زیر گلند%روهای چو مه در دهن مور ببین
urn:cts:perslit:khayyam.robaee:138	khayyam		robaee	"
رباعی شمارهٔ ۱۳۸"		برخیز و مخور غم جهان گذران%بنشین و دمی به شادمانی گذران||در طبع جهان اگر وفایی بودی%نوبت بتو خود نیامدی از دگران
urn:cts:perslit:khayyam.robaee:139	khayyam		robaee	"
رباعی شمارهٔ ۱۳۹"		چون حاصل آدمی در این شورستان%جز خوردن غصه نیست تا کندن جان||خرم دل آنکه زین جهان زود برفت%و آسوده کسی که خود نیامد به جهان
urn:cts:perslit:khayyam.robaee:13	khayyam		robaee	"
رباعی شمارهٔ ۱۳"		ایدل چو زمانه می‌کند غمناکت%ناگه برود ز تن روان پاکت||بر سبزه نشین و خوش بزی روزی چند%زان پیش که سبزه بردمد از خاکت
urn:cts:perslit:khayyam.robaee:140	khayyam		robaee	"
رباعی شمارهٔ ۱۴۰"		رفتم که در این منزل بیداد بدن%در دست نخواهد بر خنگ از باد بدن||آن را باید به مرگ من شاد بدن%کز دست اجل تواند آزاد بدن
urn:cts:perslit:khayyam.robaee:141	khayyam		robaee	"
رباعی شمارهٔ ۱۴۱"		رندی دیدم نشسته بر خنگ زمین%نه کفر و نه اسلام و نه دنیا و نه دین||نه حق نه حقیقت نه شریعت نه یقین%اندر دو جهان کرا بود زهره این
urn:cts:perslit:khayyam.robaee:142	khayyam		robaee	"
رباعی شمارهٔ ۱۴۲"		قانع به یک استخوان چو کرکس بودن%به ز آن که طفیل خوان ناکس بودن||با نان جوین خویش حقا که به است%کالوده و پالوده هر خس بودن
urn:cts:perslit:khayyam.robaee:143	khayyam		robaee	"
رباعی شمارهٔ ۱۴۳"		قومی متفکرند اندر ره دین%قومی به گمان فتاده در راه یقین||میترسم از آن که بانگ آید روزی%کای بیخبران راه نه آنست و نه این
urn:cts:perslit:khayyam.robaee:144	khayyam		robaee	"
رباعی شمارهٔ ۱۴۴"		گاویست در آسمان و نامش پروین%یک گاو دگر نهفته در زیر زمین||چشم خردت باز کن از روی یقین%زیر و زبر دو گاو مشتی خر بین
urn:cts:perslit:khayyam.robaee:145	khayyam		robaee	"
رباعی شمارهٔ ۱۴۵"		گر بر فلکم دست بدی چون یزدان%برداشتمی من این فلک را ز میان||از نو فلکی دگر چنان ساختمی%کازاده بکام دل رسیدی آسان
urn:cts:perslit:khayyam.robaee:146	khayyam		robaee	"
رباعی شمارهٔ ۱۴۶"		مشنو سخن از زمانه ساز آمدگان%می خواه مروق به طراز آمدگان||رفتند یکان یکان فراز آمدگان%کس می ندهد نشان ز بازآمدگان
urn:cts:perslit:khayyam.robaee:147	khayyam		robaee	"
رباعی شمارهٔ ۱۴۷"		می خوردن و گرد نیکوان گردیدن%به زانکه بزرق زاهدی ورزیدن||گر عاشق و مست دوزخی خواهد بود%پس روی بهشت کس نخواهد دیدن
urn:cts:perslit:khayyam.robaee:148	khayyam		robaee	"
رباعی شمارهٔ ۱۴۸"		نتوان دل شاد را به غم فرسودن%وقت خوش خود بسنگ محنت سودن||کس غیب چه داند که چه خواهد بودن%می باید و معشوق و به کام آسودن
urn:cts:perslit:khayyam.robaee:149	khayyam		robaee	"
رباعی شمارهٔ ۱۴۹"		آن قصر که با چرخ همیزد پهلو%بر درگه آن شهان نهادندی رو||دیدیم که بر کنگره‌اش فاخته‌ای%بنشسته همی گفت که کوکوکوکو
urn:cts:perslit:khayyam.robaee:14	khayyam		robaee	"
رباعی شمارهٔ ۱۴"		این بحر وجود آمده بیرون ز نهفت%کس نیست که این گوهر تحقیق بسفت||هر کس سخنی از سر سودا گفتند%زآن روی که هست کس نمی‌داند گفت
urn:cts:perslit:khayyam.robaee:150	khayyam		robaee	"
رباعی شمارهٔ ۱۵۰"		از آمدن و رفتن ما سودی کو%وز تار امید عمر ما پودی کو||چندین سروپای نازنینان جهان%می‌سوزد و خاک می‌شود دودی کو
urn:cts:perslit:khayyam.robaee:151	khayyam		robaee	"
رباعی شمارهٔ ۱۵۱"		از تن چو برفت جان پاک من و تو%خشتی دو نهند بر مغاک من و تو||و آنگاه برای خشت گور دگران%در کالبدی کشند خاک من و تو
urn:cts:perslit:khayyam.robaee:152	khayyam		robaee	"
رباعی شمارهٔ ۱۵۲"		می‌خور که فلک بهر هلاک من و تو%قصدی دارد بجان پاک من و تو||در سبزه نشین و می روشن میخور%کاین سبزه بسی دمد ز خاک من و تو
urn:cts:perslit:khayyam.robaee:153	khayyam		robaee	"
رباعی شمارهٔ ۱۵۳"		از هر چه بجر می است کوتاهی به%می هم ز کف بتان خرگاهی به||مستی و قلندری و گمراهی به%یک جرعه می ز ماه تا ماهی به
urn:cts:perslit:khayyam.robaee:154	khayyam		robaee	"
رباعی شمارهٔ ۱۵۴"		بنگر ز صبا دامن گل چاک شده%بلبل ز جمال گل طربناک شده||در سایه گل نشین که بسیار این گل%در خاک فرو ریزد و ما خاک شده
urn:cts:perslit:khayyam.robaee:155	khayyam		robaee	"
رباعی شمارهٔ ۱۵۵"		تا کی غم آن خورم که دارم یا نه%وین عمر به خوشدلی گذارم یا نه||پرکن قدح باده که معلومم نیست%کاین دم که فرو برم برآرم یا نه
urn:cts:perslit:khayyam.robaee:156	khayyam		robaee	"
رباعی شمارهٔ ۱۵۶"		یک جرعه می کهن ز ملکی نو به%وز هرچه نه می طریق بیرون شو به||در دست به از تخت فریدون صد بار%خشت سر خم ز ملک کیخسرو به
urn:cts:perslit:khayyam.robaee:157	khayyam		robaee	"
رباعی شمارهٔ ۱۵۷"		آن مایه ز دنیا که خوری یا پوشی%معذوری اگر در طلبش میکوشی||باقی همه رایگان نیرزد هشدار%تا عمر گرانبها بدان نفروشی
urn:cts:perslit:khayyam.robaee:158	khayyam		robaee	"
رباعی شمارهٔ ۱۵۸"		از آمدن بهار و از رفتن دی%اوراق وجود ما همی گردد طی||می خور! مخور اندوه که فرمود حکیم%غمهای جهان چو زهر و تریاقش می
urn:cts:perslit:khayyam.robaee:159	khayyam		robaee	"
رباعی شمارهٔ ۱۵۹"		از کوزه‌گری کوزه خریدم باری%آن کوزه سخن گفت ز هر اسراری||شاهی بودم که جام زرینم بود%اکنون شده‌ام کوزه هر خماری
urn:cts:perslit:khayyam.robaee:15	khayyam		robaee	"
رباعی شمارهٔ ۱۵"		این کوزه چو من عاشق زاری بوده است%در بند سر زلف نگاری بوده‌ست||این دسته که بر گردن او می‌بینی%دستی‌ست که برگردن یاری بوده‌ست
urn:cts:perslit:khayyam.robaee:160	khayyam		robaee	"
رباعی شمارهٔ ۱۶۰"		ای آنکه نتیجهٔ چهار و هفتی%وز هفت و چهار دایم اندر تفتی||می خور که هزار بار بیشت گفتم%باز آمدنت نیست چو رفتی رفتی
urn:cts:perslit:khayyam.robaee:161	khayyam		robaee	"
رباعی شمارهٔ ۱۶۱"		ایدل تو به اسرار معما نرسی%در نکته زیرکان دانا نرسی||اینجا به می لعل بهشتی می ساز%کانجا که بهشت است رسی یا نرسی
urn:cts:perslit:khayyam.robaee:162	khayyam		robaee	"
رباعی شمارهٔ ۱۶۲"		ای دوست حقیقت شنواز من سخنی%با باده لعل باش و با سیم تنی||کانکس که جهان کرد فراغت دارد%از سبلت چون تویی و ریش چو منی
urn:cts:perslit:khayyam.robaee:163	khayyam		robaee	"
رباعی شمارهٔ ۱۶۳"		ای کاش که جای آرمیدن بودی%یا این ره دور را رسیدن بودی||کاش از پی صد هزار سال از دل خاک%چون سبزه امید بر دمیدن بودی
urn:cts:perslit:khayyam.robaee:164	khayyam		robaee	"
رباعی شمارهٔ ۱۶۴"		بر سنگ زدم دوش سبوی کاشی%سرمست بدم که کردم این عیاشی||با من به زبان حال می‌گفت سبو%من چون تو بدم تو نیز چون من باشی
urn:cts:perslit:khayyam.robaee:165	khayyam		robaee	"
رباعی شمارهٔ ۱۶۵"		بر شاخ امید اگر بری یافتمی%هم رشته خویش را سری یافتمی||تا چند ز تنگنای زندان وجود%ای کاش سوی عدم دری یافتمی
urn:cts:perslit:khayyam.robaee:166	khayyam		robaee	"
رباعی شمارهٔ ۱۶۶"		بر گیر پیاله و سبو ای دلجوی%فارغ بنشین بکشتزار و لب جوی||بس شخص عزیز را که چرخ بدخوی%صد بار پیاله کرد و صد بار سبوی
urn:cts:perslit:khayyam.robaee:167	khayyam		robaee	"
رباعی شمارهٔ ۱۶۷"		پیری دیدم به خانهٔ خماری%گفتم نکنی ز رفتگان اخباری||گفتا می خور که همچو ما بسیاری%رفتند و خبر باز نیامد باری
urn:cts:perslit:khayyam.robaee:168	khayyam		robaee	"
رباعی شمارهٔ ۱۶۸"		تا چند حدیث پنج و چار ای ساقی%مشکل چه یکی چه صد هزار ای ساقی||خاکیم همه چنگ بساز ای ساقی%بادیم همه باده بیار ای ساقی
urn:cts:perslit:khayyam.robaee:169	khayyam		robaee	"
رباعی شمارهٔ ۱۶۹"		چندان که نگاه می‌کنم هر سویی%در باغ روانست ز کوثر جویی||صحرا چو بهشت است ز کوثر گم گوی%بنشین به بهشت با بهشتی رویی
urn:cts:perslit:khayyam.robaee:16	khayyam		robaee	"
رباعی شمارهٔ ۱۶"		این کوزه که آبخوارهٔ مزدوریست%از دیدهٔ شاهیست و دل دستوریست||هر کاسهٔ می که بر کف مخموریست%از عارض مستی و لب مستوریست
urn:cts:perslit:khayyam.robaee:170	khayyam		robaee	"
رباعی شمارهٔ ۱۷۰"		خوش باش که پخته‌اند سودای تو دی%فارغ شده‌اند از تمنای تو دی||قصه چه کنم که به تقاضای تو دی%دادند قرار کار فردای تو دی
urn:cts:perslit:khayyam.robaee:171	khayyam		robaee	"
رباعی شمارهٔ ۱۷۱"		در کارگه کوزه‌گری کردم رای%در پایه چرخ دیدم استاد بپای||میکرد دلیر کوزه را دسته و سر%از کله پادشاه و از دست گدای
urn:cts:perslit:khayyam.robaee:172	khayyam		robaee	"
رباعی شمارهٔ ۱۷۲"		در گوش دلم گفت فلک پنهانی%حکمی که قضا بود ز من میدانی||در گردش خویش اگر مرا دست بدی%خود را برهاندمی ز سرگردانی
urn:cts:perslit:khayyam.robaee:173	khayyam		robaee	"
رباعی شمارهٔ ۱۷۳"		زان کوزهٔ می که نیست در وی ضرری%پر کن قدحی بخور بمن ده دگری||زان پیشتر ای صنم که در رهگذری%خاک من و تو کوزه‌کند کوزه‌گری
urn:cts:perslit:khayyam.robaee:174	khayyam		robaee	"
رباعی شمارهٔ ۱۷۴"		گر آمدنم بخود بدی نامدمی%ور نیز شدن بمن بدی کی شدمی||به زان نبدی که اندر این دیر خراب%نه آمدمی نه شدمی نه بدمی
urn:cts:perslit:khayyam.robaee:175	khayyam		robaee	"
رباعی شمارهٔ ۱۷۵"		گر دست دهد ز مغز گندم نانی%وز می دو منی ز گوسفندی رانی||با لاله رخی و گوشه بستانی%عیشی بود آن نه حد هر سلطانی
urn:cts:perslit:khayyam.robaee:176	khayyam		robaee	"
رباعی شمارهٔ ۱۷۶"		گر کار فلک به عدل سنجیده بدی%احوال فلک جمله پسندیده بدی||ور عدل بدی بکارها در گردون%کی خاطر اهل فضل رنجیده بدی
urn:cts:perslit:khayyam.robaee:177	khayyam		robaee	"
رباعی شمارهٔ ۱۷۷"		هان کوزه‌گرا بپای اگر هشیاری%تا چند کنی بر گل مردم خواری||انگشت فریدون و کف کیخسرو%بر چرخ نهاده ای چه می‌پنداری
urn:cts:perslit:khayyam.robaee:178	khayyam		robaee	"
رباعی شمارهٔ ۱۷۸"		هنگام صبوح ای صنم فرخ پی%برساز ترانه‌ای و پیش‌آور می||کافکند بخاک صد هزاران جم و کی%این آمدن تیرمه و رفتن دی
urn:cts:perslit:khayyam.robaee:17	khayyam		robaee	"
رباعی شمارهٔ ۱۷"		این کهنه رباط را که عالم نام است%و آرامگه ابلق صبح و شام است||بزمی‌ست که وامانده صد جمشید است%قصریست که تکیه‌گاه صد بهرام است
urn:cts:perslit:khayyam.robaee:18	khayyam		robaee	"
رباعی شمارهٔ ۱۸"		این یک دو سه روز نوبت عمر گذشت%چون آب به جویبار و چون باد به دشت||هرگز غم دو روز مرا یاد نگشت%روزی که نیامده‌ست و روزی که گذشت
urn:cts:perslit:khayyam.robaee:19	khayyam		robaee	"
رباعی شمارهٔ ۱۹"		بر چهره گل نسیم نوروز خوش است%در صحن چمن روی دل‌افروز خوش است||از دی که گذشت هر چه گویی خوش نیست%خوش باش و ز دی مگو که امروز خوش است
urn:cts:perslit:khayyam.robaee:1	khayyam		robaee	"
رباعی شمارهٔ ۱"		برخیز و بیا بتا برای دل ما%حل کن به جمال خویشتن مشکل ما||یک کوزه شراب تا بهم نوش کنیم%زان پیش که کوزه‌ها کنند از گل ما
urn:cts:perslit:khayyam.robaee:20	khayyam		robaee	"
رباعی شمارهٔ ۲۰"		پیش از من و تو لیل و نهاری بوده است%گردنده فلک نیز بکاری بوده است||هرجا که قدم نهی تو بر روی زمین%آن مردمک چشم‌نگاری بوده است
urn:cts:perslit:khayyam.robaee:21	khayyam		robaee	"
رباعی شمارهٔ ۲۱"		تا چند زنم بروی دریاها خشت%بیزار شدم ز بت‌پرستان کنشت||خیام که گفت دوزخی خواهد بود%که رفت بدوزخ و که آمد ز بهشت
urn:cts:perslit:khayyam.robaee:22	khayyam		robaee	"
رباعی شمارهٔ ۲۲"		ترکیب پیاله‌ای که درهم پیوست%بشکستن آن روا نمیدارد مست||چندین سر و پای نازنین از سر و دست%از مهر که پیوست و به کین که شکست
urn:cts:perslit:khayyam.robaee:23	khayyam		robaee	"
رباعی شمارهٔ ۲۳"		ترکیب طبایع چو به کام تو دمی است%رو شاد بزی اگرچه برتو ستمی است||با اهل خرد باش که اصل تن تو%گردی و نسیمی و غباری و دمی است
urn:cts:perslit:khayyam.robaee:24	khayyam		robaee	"
رباعی شمارهٔ ۲۴"		چون ابر به نوروز رخ لاله بشست%برخیز و بجام باده کن عزم درست||کاین سبزه که امروز تماشاگه توست%فردا همه از خاک تو برخواهد رست
urn:cts:perslit:khayyam.robaee:25	khayyam		robaee	"
رباعی شمارهٔ ۲۵"		چون بلبل مست راه در بستان یافت%روی گل و جام باده را خندان یافت||آمد به زبان حال در گوشم گفت%دریاب که عمر رفته را نتوان یافت
urn:cts:perslit:khayyam.robaee:26	khayyam		robaee	"
رباعی شمارهٔ ۲۶"		چون چرخ بکام یک خردمند نگشت%خواهی تو فلک هفت شمر خواهی هشت||چون باید مرد و آرزوها همه هشت%چه مور خورد بگور و چه گرگ بدشت
urn:cts:perslit:khayyam.robaee:27	khayyam		robaee	"
رباعی شمارهٔ ۲۷"		چون لاله به نوروز قدح گیر بدست%با لاله‌رخی اگر تو را فرصت هست||می نوش به خرمی که این چرخ کهن%ناگاه تو را چو خاک گرداند پست
urn:cts:perslit:khayyam.robaee:28	khayyam		robaee	"
رباعی شمارهٔ ۲۸"		چون نیست حقیقت و یقین اندر دست%نتوان به امید شک همه عمر نشست||هان تا ننهیم جام می از کف دست%در بی خبری مرد چه هشیار و چه مست
urn:cts:perslit:khayyam.robaee:29	khayyam		robaee	"
رباعی شمارهٔ ۲۹"		چون نیست ز هر چه هست جز باد بدست%چون هست بهرچه هست نقصان و شکست||انگار که هرچه هست در عالم نیست%پندار که هرچه نیست در عالم هست
urn:cts:perslit:khayyam.robaee:2	khayyam		robaee	"
رباعی شمارهٔ ۲"		چون عهده نمی‌شود کسی فردا را%حالی خوش دار این دل پر سودا را||می نوش به ماهتاب ای ماه که ماه%بسیار بتابد و نیابد ما را
urn:cts:perslit:khayyam.robaee:30	khayyam		robaee	"
رباعی شمارهٔ ۳۰"		خاکی که به زیر پای هر نادانی است%کفّ صنمیّ و چهرهٔ جانانی است||هر خشت که بر کنگرهٔ ایوانی است%انگشت وزیر یا سر سلطانی است
urn:cts:perslit:khayyam.robaee:31	khayyam		robaee	"
رباعی شمارهٔ ۳۱"		دارنده چو ترکیب طبایع آراست%از بهر چه او فکندش اندر کم و کاست||گر نیک آمد شکستن از بهر چه بود%ورنیک نیامد این صور عیب کراست
urn:cts:perslit:khayyam.robaee:32	khayyam		robaee	"
رباعی شمارهٔ ۳۲"		در پرده اسرار کسی را ره نیست%زین تعبیه جان هیچکس آگه نیست||جز در دل خاک هیچ منزلگه نیست%می خور که چنین فسانه‌ها کوته نیست
urn:cts:perslit:khayyam.robaee:33	khayyam		robaee	"
رباعی شمارهٔ ۳۳"		در خواب بدم مرا خردمندی گفت%کاز خواب کسی را گل شادی نشکفت||کاری چه کنی که با اجل باشد جفت؟%می خور که به زیر خاک می‌باید خفت
urn:cts:perslit:khayyam.robaee:34	khayyam		robaee	"
رباعی شمارهٔ ۳۴"		در دایره‌ای که آمد و رفتن ماست%او را نه بدایت نه نهایت پیداست||کس می نزند دمی در این معنی راست%کاین آمدن از کجا و رفتن بکجاست
urn:cts:perslit:khayyam.robaee:35	khayyam		robaee	"
رباعی شمارهٔ ۳۵"		در فصل بهار اگر بتی حور سرشت%یک ساغر می دهد مرا بر لب کشت||هر چند به نزد عامه این باشد زشت%سگ به ز من است اگر برم نام بهشت
urn:cts:perslit:khayyam.robaee:36	khayyam		robaee	"
رباعی شمارهٔ ۳۶"		دریاب که از روح جدا خواهی رفت%در پرده اسرار فنا خواهی رفت||می نوش ندانی از کجا آمده‌ای%خوش باش ندانی به کجا خواهی رفت
urn:cts:perslit:khayyam.robaee:37	khayyam		robaee	"
رباعی شمارهٔ ۳۷"		ساقی گل و سبزه بس طربناک شده‌ست%دریاب که هفته دگر خاک شده‌ست||می نوش و گلی بچین که تا درنگری%گل خاک شده‌ست و سبزه خاشاک شده‌ست
urn:cts:perslit:khayyam.robaee:38	khayyam		robaee	"
رباعی شمارهٔ ۳۸"		عمریست مرا تیره و کاریست نه راست%محنت همه افزوده و راحت کم و کاست||شکر ایزد را که آنچه اسباب بلاست%ما را ز کس دگر نمیباید خواست
urn:cts:perslit:khayyam.robaee:39	khayyam		robaee	"
رباعی شمارهٔ ۳۹"		فصل گل و طرف جویبار و لب کشت%با یک دو سه اهل و لعبتی حور سرشت||پیش آر قدح که باده نوشان صبوح%آسوده ز مسجدند و فارغ ز کنشت
urn:cts:perslit:khayyam.robaee:3	khayyam		robaee	"
رباعی شمارهٔ ۳"		قرآن که مهین کلام خوانند آن را%گه گاه نه بر دوام خوانند آن را||بر گرد پیاله آیتی هست مقیم%کاندر همه جا مدام خوانند آن را
urn:cts:perslit:khayyam.robaee:40	khayyam		robaee	"
رباعی شمارهٔ ۴۰"		گر شاخ بقا ز بیخ بختت رست است%ور بر تن تو عمر لباسی چست است||در خیمه تن که سایبانی‌ست ترا%هان تکیه مکن که چارمیخش سست است
urn:cts:perslit:khayyam.robaee:41	khayyam		robaee	"
رباعی شمارهٔ ۴۱"		گویند کسان بهشت با حور خوش است%من میگویم که آب انگور خوش است||این نقد بگیر و دست از آن نسیه بدار%کاواز دهل شنیدن از دور خوش است
urn:cts:perslit:khayyam.robaee:42	khayyam		robaee	"
رباعی شمارهٔ ۴۲"		گویند مرا که دوزخی باشد مست%قولیست خلاف دل در آن نتوان بست||گر عاشق و میخواره بدوزخ باشند%فردا بینی بهشت همچون کف دست
urn:cts:perslit:khayyam.robaee:43	khayyam		robaee	"
رباعی شمارهٔ ۴۳"		من هیچ ندانم که مرا آنکه سرشت%از اهل بهشت کرد یا دوزخ زشت||جامی و بتی و بربطی بر لب کشت%این هر سه مرا نقد و ترا نسیه بهشت
urn:cts:perslit:khayyam.robaee:44	khayyam		robaee	"
رباعی شمارهٔ ۴۴"		مهتاب به نور دامن شب بشکافت%می نوش دمی بهتر از این نتوان یافت||خوش باش و میندیش که مهتاب بسی%اندر سر خاک یک به یک خواهد تافت
urn:cts:perslit:khayyam.robaee:45	khayyam		robaee	"
رباعی شمارهٔ ۴۵"		می خوردن و شاد بودن آیین منست%فارغ بودن ز کفر و دین دین منست||گفتم به عروس دهر کابین تو چیست%گفتا دل خرم تو کابین منست
urn:cts:perslit:khayyam.robaee:46	khayyam		robaee	"
رباعی شمارهٔ ۴۶"		می لعل مذابست و صراحی کان است%جسم است پیاله و شرابش جان است||آن جام بلورین که ز می خندان است%اشکی است که خون دل درو پنهان است
urn:cts:perslit:khayyam.robaee:47	khayyam		robaee	"
رباعی شمارهٔ ۴۷"		می نوش که عمر جاودانی اینست%خود حاصلت از دور جوانی اینست||هنگام گل و باده و یاران سرمست%خوش باش دمی که زندگانی اینست
urn:cts:perslit:khayyam.robaee:48	khayyam		robaee	"
رباعی شمارهٔ ۴۸"		نیکی و بدی که در نهاد بشر است%شادی و غمی که در قضا و قدر است||با چرخ مکن حواله کاندر ره عقل%چرخ از تو هزار بار بیچاره‌تر است
urn:cts:perslit:khayyam.robaee:49	khayyam		robaee	"
رباعی شمارهٔ ۴۹"		در هر دشتی که لاله‌زاری بوده‌ست%از سرخی خون شهریاری بوده‌ست||هر شاخ بنفشه کز زمین میروید%خالی است که بر رخ نگاری بوده‌ست
urn:cts:perslit:khayyam.robaee:4	khayyam		robaee	"
رباعی شمارهٔ ۴"		گر می نخوری طعنه مزن مستانرا%بنیاد مکن تو حیله و دستانرا||تو غره بدان مشو که می مینخوری%صد لقمه خوری که می غلام‌ست آنرا
urn:cts:perslit:khayyam.robaee:50	khayyam		robaee	"
رباعی شمارهٔ ۵۰"		هر ذره که در خاک زمینی بوده است%پیش از من و تو تاج و نگینی بوده است||گرد از رخ نازنین به آزرم فشان%کانهم رخ خوب نازنینی بوده است
urn:cts:perslit:khayyam.robaee:51	khayyam		robaee	"
رباعی شمارهٔ ۵۱"		هر سبزه که برکنار جویی رسته است%گویی ز لب فرشته‌خویی رسته است||پا بر سر سبزه تا به خواری ننهی%کان سبزه ز خاک لاله رویی رسته است
urn:cts:perslit:khayyam.robaee:52	khayyam		robaee	"
رباعی شمارهٔ ۵۲"		یک جرعه می ز ملک کاووس به است%از تخت قباد و ملکت طوس به است||هر ناله که رندی به سحرگاه زند%از طاعت زاهدان سالوس به است
urn:cts:perslit:khayyam.robaee:53	khayyam		robaee	"
رباعی شمارهٔ ۵۳"		چون عمر به سر رسد چه شیرین و چه تلخ%پیمانه چو پر شود چه بغداد و چه بلخ||می نوش که بعد از من و تو ماه بسی%از سَلخ به غٌرّه آید از غره به سلخ
urn:cts:perslit:khayyam.robaee:54	khayyam		robaee	"
رباعی شمارهٔ ۵۴"		آنانکه محیط فضل و آداب شدند%در جمع کمال شمع اصحاب شدند||ره زین شب تاریک نبردند برون%گفتند فسانه‌ای و در خواب شدند
urn:cts:perslit:khayyam.robaee:55	khayyam		robaee	"
رباعی شمارهٔ ۵۵"		آن را که به صحرای علل تاخته‌اند%بی او همه کارها بپرداخته‌اند||امروز بهانه‌ای در انداخته‌اند%فردا همه آن بود که در ساخته‌اند
urn:cts:perslit:khayyam.robaee:56	khayyam		robaee	"
رباعی شمارهٔ ۵۶"		آنها که کهن شدند و اینها که نوند%هر کس بمراد خویش یک تک بدوند||این کهنه جهان بکس نماند باقی%رفتند و رویم دیگر آیند و روند
urn:cts:perslit:khayyam.robaee:57	khayyam		robaee	"
رباعی شمارهٔ ۵۷"		آنکس که زمین و چرخ و افلاک نهاد%بس داغ که او بر دل غمناک نهاد||بسیار لب چو لعل و زلفین چو مشک%در طبل زمین و حقه خاک نهاد
urn:cts:perslit:khayyam.robaee:58	khayyam		robaee	"
رباعی شمارهٔ ۵۸"		آرند یکی و دیگری بربایند%بر هیچ کسی راز همی نگشایند||ما را ز قضا جز این قدر ننمایند%پیمانه عمر ما است می‌پیمایند
urn:cts:perslit:khayyam.robaee:59	khayyam		robaee	"
رباعی شمارهٔ ۵۹"		اجرام که ساکنان این ایوانند%اسباب تردد خردمندانند||هان تاسر رشته خرد گم نکنی%کانان که مدبرند سرگردانند
urn:cts:perslit:khayyam.robaee:5	khayyam		robaee	"
رباعی شمارهٔ ۵"		هر چند که رنگ و بوی زیباست مرا%چون لاله رخ و چو سرو بالاست مرا||معلوم نشد که در طربخانه خاک%نقاش ازل بهر چه آراست مرا
urn:cts:perslit:khayyam.robaee:60	khayyam		robaee	"
رباعی شمارهٔ ۶۰"		از آمدنم نبود گردون را سود%وز رفتن من جلال و جاهش نفزود||وز هیچ کسی نیز دو گوشم نشنود%کاین آمدن و رفتنم از بهر چه بود
urn:cts:perslit:khayyam.robaee:61	khayyam		robaee	"
رباعی شمارهٔ ۶۱"		از رنج کشیدن آدمی حر گردد%قطره چو کشد حبس صدف در گردد||گر مال نماند سر بماناد بجای%پیمانه چو شد تهی دگر پر گردد
urn:cts:perslit:khayyam.robaee:62	khayyam		robaee	"
رباعی شمارهٔ ۶۲"		افسوس که سرمایه ز کف بیرون شد%وز دست اجل بسی جگرها خون شد||کس نامد از آن جهان که پرسم از وی%کاحوال مسافران دنیا چون شد
urn:cts:perslit:khayyam.robaee:63	khayyam		robaee	"
رباعی شمارهٔ ۶۳"		افسوس که نامه جوانی طی شد%و آن تازه بهار زندگانی دی شد||آن مرغ طرب که نام او بود شباب%افسوس ندانم که کی آمد کی شد
urn:cts:perslit:khayyam.robaee:64	khayyam		robaee	"
رباعی شمارهٔ ۶۴"		ای بس که نباشیم و جهان خواهد بود%نی نام زما و نی‌نشان خواهد بود||زین پیش نبودیم و نبد هیچ خلل%زین پس چو نباشیم همان خواهد بود
urn:cts:perslit:khayyam.robaee:65	khayyam		robaee	"
رباعی شمارهٔ ۶۵"		این عقل که در ره سعادت پوید%روزی صد بار خود ترا می‌گوید||دریاب تو این یکدم وقتت که نئی%آن تره که بدروند و دیگر روید
urn:cts:perslit:khayyam.robaee:66	khayyam		robaee	"
رباعی شمارهٔ ۶۶"		این قافله عمر عجب میگذرد%دریاب دمی که با طرب میگذرد||ساقی غم فردای حریفان چه خوری%پیش آر پیاله را که شب میگذرد
urn:cts:perslit:khayyam.robaee:67	khayyam		robaee	"
رباعی شمارهٔ ۶۷"		بر پشت من از زمانه تو میاید%وز من همه کار نانکو میاید||جان عزم رحیل کرد و گفتم بمرو%گفتا چکنم خانه فرو میاید
urn:cts:perslit:khayyam.robaee:68	khayyam		robaee	"
رباعی شمارهٔ ۶۸"		بر چرخ فلک هیچ کسی چیر نشد%وز خوردن آدمی زمین سیر نشد||مغرور بدانی که نخورده‌ست ترا%تعجیل مکن هم بخورد دیر نشد
urn:cts:perslit:khayyam.robaee:69	khayyam		robaee	"
رباعی شمارهٔ ۶۹"		بر چشم تو عالم ارچه می‌آرایند%مگرای بدان که عاقلان نگرایند||بسیار چو تو روند و بسیار آیند%بربای نصیب خویش کت بربایند
urn:cts:perslit:khayyam.robaee:6	khayyam		robaee	"
رباعی شمارهٔ ۶"		ماییم و می و مطرب و این کنج خراب%جان و دل و جام و جامه پر درد شراب||فارغ ز امید رحمت و بیم عذاب%آزاد ز خاک و باد و از آتش و آب
urn:cts:perslit:khayyam.robaee:70	khayyam		robaee	"
رباعی شمارهٔ ۷۰"		بر من قلم قضا چو بی من رانند%پس نیک و بدش ز من چرا میدانند||دی بی من و امروز چو دی بی من و تو%فردا به چه حجتم به داور خوانند
urn:cts:perslit:khayyam.robaee:71	khayyam		robaee	"
رباعی شمارهٔ ۷۱"		تا چند اسیر رنگ و بو خواهی شد%چند از پی هر زشت و نکو خواهی شد||گر چشمه زمزمی و گر آب حیات%آخر به دل خاک فرو خواهی شد
urn:cts:perslit:khayyam.robaee:72	khayyam		robaee	"
رباعی شمارهٔ ۷۲"		تا راه قلندری نپویی نشود%رخساره بخون دل نشویی نشود||سودا چه پزی تا که چو دلسوختگان%آزاد به ترک خود نگویی نشود
urn:cts:perslit:khayyam.robaee:73	khayyam		robaee	"
رباعی شمارهٔ ۷۳"		تا زهره و مه در آسمان گشت پدید%بهتر ز می ناب کسی هیچ ندید||من در عجبم ز میفروشان کایشان%به زانکه فروشند چه خواهند خرید
urn:cts:perslit:khayyam.robaee:74	khayyam		robaee	"
رباعی شمارهٔ ۷۴"		چون روزی و عمر بیش و کم نتوان کرد%دل را به کم و بیش دژم نتوان کرد||کار من و تو چنانکه رای من و تست%از موم بدست خویش هم نتوان کرد
urn:cts:perslit:khayyam.robaee:75	khayyam		robaee	"
رباعی شمارهٔ ۷۵"		حیی که بقدرت سر و رو می‌سازد%همواره هم او کار عدو می‌سازد||گویند قرابه گر مسلمان نبود%او را تو چه گویی که کدو می‌سازد
urn:cts:perslit:khayyam.robaee:76	khayyam		robaee	"
رباعی شمارهٔ ۷۶"		در دهر چو آواز گل تازه دهند%فرمای بتا که می به اندازه دهند||از حور و قصور و ز بهشت و دوزخ%فارغ بنشین که آن هر آوازه دهند
urn:cts:perslit:khayyam.robaee:77	khayyam		robaee	"
رباعی شمارهٔ ۷۷"		در دهر هر آن که نیم نانی دارد%از بهر نشست آشیانی دارد||نه خادم کس بود نه مخدوم کسی%گو شاد بزی که خوش جهانی دارد
urn:cts:perslit:khayyam.robaee:78	khayyam		robaee	"
رباعی شمارهٔ ۷۸"		دهقان قضا بسی چو ما کشت و درود%غم خوردن بیهوده نمیدارد سود||پر کن قدح می به کفم درنه زود%تا باز خورم که بودنیها همه بود
urn:cts:perslit:khayyam.robaee:79	khayyam		robaee	"
رباعی شمارهٔ ۷۹"		روزی‌ست خوش و هوا نه گرم است و نه سرد%ابر از رخ گلزار همی‌شوید گرد||بلبل به زبان حال خود با گل زرد%فریاد همی‌کند که می باید خورد
urn:cts:perslit:khayyam.robaee:7	khayyam		robaee	"
رباعی شمارهٔ ۷"		آن قصر که جمشید در او جام گرفت%آهو بچه کرد و روبه آرام گرفت||بهرام که گور می‌گرفتی همه عمر%دیدی که چگونه گور بهرام گرفت
urn:cts:perslit:khayyam.robaee:80	khayyam		robaee	"
رباعی شمارهٔ ۸۰"		زان پیش که بر سرت شبیخون آرند%فرمای که تا باده گلگون آرند||تو زر نئی ای غافل نادان که ترا%در خاک نهند و باز بیرون آرند
urn:cts:perslit:khayyam.robaee:81	khayyam		robaee	"
رباعی شمارهٔ ۸۱"		عمرت تا کی به خودپرستی گذرد%یا در پی نیستی و هستی گذرد||می نوش که عمریکه اجل در پی اوست%آن به که به خواب یا به مستی گذرد
urn:cts:perslit:khayyam.robaee:82	khayyam		robaee	"
رباعی شمارهٔ ۸۲"		کس مشکل اسرار اجل را نگشاد%کس یک قدم از دایره بیرون ننهاد||من می‌نگرم ز مبتدی تا استاد%عجز است به دست هر که از مادر زاد
urn:cts:perslit:khayyam.robaee:83	khayyam		robaee	"
رباعی شمارهٔ ۸۳"		کم کن طمع از جهان و می‌زی خرسند%از نیک و بد زمانه بگسل پیوند||می در کف و زلف دلبری گیر که زود%هم بگذرد و نماند این روزی چند
urn:cts:perslit:khayyam.robaee:84	khayyam		robaee	"
رباعی شمارهٔ ۸۴"		گرچه غم و رنج من درازی دارد%عیش و طرب تو سرفرازی دارد||بر هر دو مکن تکیه که دوران فلک%در پرده هزار گونه بازی دارد
urn:cts:perslit:khayyam.robaee:85	khayyam		robaee	"
رباعی شمارهٔ ۸۵"		گردون ز زمین هیچ گلی برنارد%کش نشکند و هم به زمین نسپارد||گر ابر چو آب خاک را بردارد%تا حشر همه خون عزیزان بارد
urn:cts:perslit:khayyam.robaee:86	khayyam		robaee	"
رباعی شمارهٔ ۸۶"		گر یک نفست ز زندگانی گذرد%مگذار که جز به شادمانی گذرد||هشدار که سرمایه سودای جهان%عمرست چنان کش گذرانی گذرد
urn:cts:perslit:khayyam.robaee:87	khayyam		robaee	"
رباعی شمارهٔ ۸۷"		گویند بهشت و حورعین خواهد بود%آنجا می و شیر و انگبین خواهد بود||گر ما می و معشوق گزیدیم چه باک%چون عاقبت کار چنین خواهد بود
urn:cts:perslit:khayyam.robaee:88	khayyam		robaee	"
رباعی شمارهٔ ۸۸"		گویند بهشت و حور و کوثر باشد%جوی می و شیر و شهد و شکر باشد||پر کن قدح باده و بر دستم نه%نقدی ز هزار نسیه خوشتر باشد
urn:cts:perslit:khayyam.robaee:89	khayyam		robaee	"
رباعی شمارهٔ ۸۹"		گویند هر آن کسان که با پرهیزند%زانسان که بمیرند چنان برخیزند||ما با می و معشوقه از آنیم مدام%باشد که به حشرمان چنان انگیزند
urn:cts:perslit:khayyam.robaee:8	khayyam		robaee	"
رباعی شمارهٔ ۸"		ابر آمد و باز بر سر سبزه گریست%بی بادهٔ گلرنگ نمی‌باید زیست||این سبزه که امروز تماشاگه ماست%تا سبزهٔ خاک ما تماشاگه کیست
urn:cts:perslit:khayyam.robaee:90	khayyam		robaee	"
رباعی شمارهٔ ۹۰"		می خور که ز دل کثرت و قلت ببرد%و اندیشه هفتاد و دو ملت ببرد||پرهیز مکن ز کیمیایی که از او%یک جرعه خوری هزار علت ببرد
urn:cts:perslit:khayyam.robaee:91	khayyam		robaee	"
رباعی شمارهٔ ۹۱"		هر راز که اندر دل دانا باشد%باید که نهفته‌تر ز عنقا باشد||کاندر صدف از نهفتگی گردد در%آن قطره که راز دل دریا باشد
urn:cts:perslit:khayyam.robaee:92	khayyam		robaee	"
رباعی شمارهٔ ۹۲"		هر صبح که روی لاله شبنم گیرد%بالای بنفشه در چمن خم گیرد||انصاف مرا ز غنچه خوش می‌آید%کو دامن خویشتن فراهم گیرد
urn:cts:perslit:khayyam.robaee:93	khayyam		robaee	"
رباعی شمارهٔ ۹۳"		هرگز دل من ز علم محروم نشد%کم ماند ز اسرار که معلوم نشد||هفتاد و دو سال فکر کردم شب و روز%معلومم شد که هیچ معلوم نشد
urn:cts:perslit:khayyam.robaee:94	khayyam		robaee	"
رباعی شمارهٔ ۹۴"		هم دانه امید به خرمن ماند%هم باغ و سرای بی تو و من ماند||سیم و زر خویش از درمی تا بجوی%با دوست بخور گر نه بدشمن ماند
urn:cts:perslit:khayyam.robaee:95	khayyam		robaee	"
رباعی شمارهٔ ۹۵"		یاران موافق همه از دست شدند%در پای اجل یکان یکان پست شدند||خوردیم ز یک شراب در مجلس عمر%دوری دو سه پیشتر ز ما مست شدند
urn:cts:perslit:khayyam.robaee:96	khayyam		robaee	"
رباعی شمارهٔ ۹۶"		یک جام شراب صد دل و دین ارزد%یک جرعه می مملکت چین ارزد||جز باده لعل نیست در روی زمین%تلخی که هزار جان شیرین ارزد
urn:cts:perslit:khayyam.robaee:97	khayyam		robaee	"
رباعی شمارهٔ ۹۷"		یک قطره آب بود با دریا شد%یک ذره خاک با زمین یکتا شد||آمد شدن تو اندرین عالم چیست%آمد مگسی پدید و ناپیدا شد
urn:cts:perslit:khayyam.robaee:98	khayyam		robaee	"
رباعی شمارهٔ ۹۸"		یک نان به دو روز اگر بود حاصل مرد%از کوزه شکسته‌ای دمی آبی سرد||مامور کم از خودی چرا باید بود%یا خدمت چون خودی چرا باید کرد
urn:cts:perslit:khayyam.robaee:99	khayyam		robaee	"
رباعی شمارهٔ ۹۹"		آن لعل در آبگینه ساده بیار%و آن محرم و مونس هر آزاده بیار||چون میدانی که مدت عالم خاک%باد است که زود بگذرد باده بیار
urn:cts:perslit:khayyam.robaee:9	khayyam		robaee	"
رباعی شمارهٔ ۹"		اکنون که گل سعادتت پربار است%دست تو ز جام می چرا بیکار است||می‌خور که زمانه دشمنی غدار است%دریافتن روز چنین دشوار است
urn:cts:perslit:khayyam.tarane:khaer	khayyam		tarane	"
خیام شاعر"		
urn:cts:perslit:khayyam.tarane:khphilo	khayyam		tarane	"
خیام فیلسوف"		
urn:cts:perslit:khayyam.tarane:moghaddame	khayyam		tarane	"
مقدمه"		
urn:cts:perslit:khayyam.tarane:tkh1.10	khayyam		tarane	"
رباعی ۱۰"		دوری که در آمدن و رفتنِ ماست،%او را نه نهایت، نه بدایت پیداست،||کس می‌نزند دمی درین معنی راست،%کاین آمدن از کجا و رفتن به کجاست!
urn:cts:perslit:khayyam.tarane:tkh1.11	khayyam		tarane	"
رباعی ۱۱"		دارنده چو ترکیبِ طِبایع آراست،%از بهرِ چه اوفْکَنْدَش اندر کم‌وکاست؟||گر نیک آمد، شکستن از بهرِ چه بود؟%ور نیک نیامد این صُوَر، عیب کراست؟
urn:cts:perslit:khayyam.tarane:tkh1.12	khayyam		tarane	"
رباعی ۱۲"		آنان ‌که محیطِ فضل و آداب شدند،%در جمعِ کمال شمعِ اَصحاب شدند،||رَه زین شبِ تاریک نبردند به روز،%گفتند فسانه‌ای و در خواب شدند.
urn:cts:perslit:khayyam.tarane:tkh1.13	khayyam		tarane	"
رباعی ۱۳"		* آنان‌ که ز پیش رفته‌اند ای ساقی،%در خاکِ غرور خفته‌اند ای ساقی،||رو باده خور و حقیقت از من بشنو:%باد است هر آن‌چه گفته‌اند ای ساقی.
urn:cts:perslit:khayyam.tarane:tkh1.14	khayyam		tarane	"
رباعی ۱۴"		* آن بیخبران که دُرّ‌ِ معنی سُفتند،%در چرخ به انواعْ سخن‌ها گفتند؛||آگه چو نگشتند بر اَسرارِ جهان،%اول زَنَخی زدند و آخر خفتند!
urn:cts:perslit:khayyam.tarane:tkh1.15	khayyam		tarane	"
رباعی ۱۵"		گاوی است بر آسمان قَرینِ پروین،%گاوی است دگر نهفته در زیر زمین؛||گر بینایی، چشمِ حقیقت بگشا:%زیر و زَبَرِ دو گاو مشتی خر بین.
urn:cts:perslit:khayyam.tarane:tkh1.1	khayyam		tarane	"
رباعی ۱"		هرچند که رنگ و روی زیباست مرا،%چون لاله رخ و چو سَرْو بالاست مرا،||معلوم نشد که در طَرَبخانهٔ خاک%نقّاشِ ازل بهرِ چه آراست مرا؟
urn:cts:perslit:khayyam.tarane:tkh1.2	khayyam		tarane	"
رباعی ۲"		آورد به اِضطرارم اوّل به وجود،%جز حیرتم از حیات چیزی نفزود،||رفتیم به اِکراه و ندانیم چه بود%زین آمدن و بودن و رفتن مقصود!
urn:cts:perslit:khayyam.tarane:tkh1.3	khayyam		tarane	"
رباعی ۳"		از آمدنم نبود گردون را سود،%وز رفتن من جاه و جلالش نفزود؛||وز هیچ‌کسی نیز دو گوشم نشنود،%کاین آمدن و رفتنم از بهر چه بود!
urn:cts:perslit:khayyam.tarane:tkh1.4	khayyam		tarane	"
رباعی ۴"		ای دل تو به ادراکِ معمّا نرسی،%در نکتهٔ زیرکانِ دانا نرسی؛||اینجا ز می و جام بهشتی می‌ساز،%کانجا که بهشت است رسی یا نرسی 
urn:cts:perslit:khayyam.tarane:tkh1.5	khayyam		tarane	"
رباعی ۵"		دل سِرّ‌‌ِ حیات اگر کَماهی دانست،%در مرگ هم اسرار الهی دانست؛||امروز که با خودی، ندانستی هیچ،%فردا که ز خود رَوی چه خواهی دانست؟
urn:cts:perslit:khayyam.tarane:tkh1.6	khayyam		tarane	"
رباعی ۶"		* تا چند زنم به روی دریاها خشت،%بیزار شدم ز بت‌پرستان و کُنِشْت؛||خیام که گفت دوزخی خواهد بود؟%که رفت به دوزخ و که آمد ز بهشت؟
urn:cts:perslit:khayyam.tarane:tkh1.7	khayyam		tarane	"
رباعی ۷"		اسرار اَزَل را نه تو دانی و نه من،%وین حرفِ معمّا نه تو خوانی و نه من؛||هست از پس پرده گفت‌وگوی من و تو،%چون پرده برافتد، نه تو مانی و نه من.
urn:cts:perslit:khayyam.tarane:tkh1.8	khayyam		tarane	"
رباعی ۸"		این بحرِ وجود آمده بیرون ز نهفت،%کس نیست که این گوهرِ تحقیق بِسُفْت؛||هرکس سخنی از سَرِ سودا گفته‌است،%زان روی که هست، کس نمی‌داند گفت.
urn:cts:perslit:khayyam.tarane:tkh1.9	khayyam		tarane	"
رباعی ۹"		اَجرام که ساکنان این ایوان‌اند،%اسبابِ تَرَدُّدِ خردمندان‌اند،||هان تا سرِ رشتهٔ خِرَد گُم نکنی،%کانان که مُدَبّرند سرگردان‌اند!
urn:cts:perslit:khayyam.tarane:tkh1	khayyam		tarane	"
راز آفرینش  [ ۱۵-۱]"		
urn:cts:perslit:khayyam.tarane:tkh2.10	khayyam		tarane	"
رباعی ۲۵"		گر بر فَلَکَم دست بُدی چون یزدان،%برداشتمی من این فلک را ز میان؛||از نو فلک دگر چُنان ساختمی،%کازاده به کامِ دل رسیدی آسان. 
urn:cts:perslit:khayyam.tarane:tkh2.1	khayyam		tarane	"
رباعی ۱۶"		امروز که نوبت جوانی من است،%می نوشم از آن‌که کامرانی من است؛||عیبم مکنید. گرچه تلخ است خوش است،%تلخ است، از آن‌که زندگانی من است.
urn:cts:perslit:khayyam.tarane:tkh2.2	khayyam		tarane	"
رباعی ۱۷"		گر آمدنم به من بُدی، نامَدَمی.%ور نیز شدن به من بدی، کی شدمی؟||بِهْ زان نَبُدی که اندرین دیْرِ خراب،%نه آمدمی، نه شدمی، نه بُدَمی.
urn:cts:perslit:khayyam.tarane:tkh2.3	khayyam		tarane	"
رباعی ۱۸"		از آمدن و رفتنِ ما سودی کو؟%وز تارِ وجودِ عمرِ ما پودی کو؟||در چَنْبَرِ چرخ جان چندین پاکان،%می‌سوزد و خاک می‌شود، دودی کو؟
urn:cts:perslit:khayyam.tarane:tkh2.4	khayyam		tarane	"
رباعی ۱۹"		افسوس که بیفایده فرسوده شدیم،%وَز داسِ سپهرِ سرنگون سوده شدیم؛||دردا و ندامتا که تا چشم زدیم،%نابوده به کامِ خویش، نابوده شدیم!
urn:cts:perslit:khayyam.tarane:tkh2.5	khayyam		tarane	"
رباعی ۲۰"		* با یار چو آرمیده باشی همه عمر،%لذاتِ جهان چشیده باشی همه عمر،||هم آخِرِ کار رحلتت خواهد بود،%خوابی باشد که دیده‌باشی همه عمر.
urn:cts:perslit:khayyam.tarane:tkh2.6	khayyam		tarane	"
رباعی ۲۱"		اکنون که ز خوشدلی به‌جز نام نمانْد،%یک همدم پخته جز میِ خام نماند؛ ||دستِ طَرَب از ساغرِ می بازمگیر%امروز که در دست به‌جز جام نماند!
urn:cts:perslit:khayyam.tarane:tkh2.7	khayyam		tarane	"
رباعی ۲۲"		ای‌کاش که جای آرمیدن بودی،%یا این رَهِ دور را رسیدن بودی؛||کاش از پیِ صد هزار سال از دل خاک،%چون سبزه امید بر دمیدن بودی!
urn:cts:perslit:khayyam.tarane:tkh2.8	khayyam		tarane	"
رباعی ۲۳"		چون حاصلِ آدمی درین جایِ دودَر،%جز دردِ دل و دادنِ جان نیست دگر؛||خرّم دلِ آن‌که یک نفس زنده نبود،%و آسوده کسی‌ که خود نزاد از مادر!
urn:cts:perslit:khayyam.tarane:tkh2.9	khayyam		tarane	"
رباعی ۲۴"		* آن‌کس که زمین و چرخِ اَفلاک نهاد،%بس داغ که او بر دلِ غمناک نهاد؛||بسیار لبِ چو لعل و زُلفینِ چو مشک%در طَبلِ زمین و حُقّهِٔ خاک نهاد!
urn:cts:perslit:khayyam.tarane:tkh2	khayyam		tarane	"
درد زندگی  [۲۵-۱۶]"		
urn:cts:perslit:khayyam.tarane:tkh3.1	khayyam		tarane	"
رباعی ۲۶"		بر لوحْ نشانِ بودنی‌ها بوده‌است،%پیوسته قلم ز نیک و بد فرسوده‌است؛||در روز ازل هر آن‌چه بایست بداد،%غم خوردن و کوشیدنِ ما بیهوده است،
urn:cts:perslit:khayyam.tarane:tkh3.2	khayyam		tarane	"
رباعی ۲۷"		چون روزی و عمر بیش‌وکم نتوان‌کرد،%خود را به کم و بیش دُژَم نتوان‌کرد؛||کار من و تو چنان‌که رأی من و تو ست%از موم به دست خویش هم نتوان‌کرد.
urn:cts:perslit:khayyam.tarane:tkh3.3	khayyam		tarane	"
رباعی ۲۸"		افلاک که جز غم نفزایند دگر؛%نَنْهَند به جا تا نربایند دگر؛||نا آمدگان اگر بدانند که ما%از دَهْر چه می‌کشیم، نایند دگر.
urn:cts:perslit:khayyam.tarane:tkh3.4	khayyam		tarane	"
رباعی ۲۹"		ای آن‌که نتیجهٔ چهار و هفتی،%وز هفت و چهار دایم اندر تَفْتی،||می خور که هزار باره بیشت گفتم:%باز آمدنت نیست، چو رفتی رفتی.
urn:cts:perslit:khayyam.tarane:tkh3.5	khayyam		tarane	"
رباعی ۳۰"		* تا خاکِ مرا به قالب آمیخته‌اند،%بس فتنه که از خاک برانگیخته‌اند؛||من بهتر ازین نمی‌توانم بودن%کز بوته مرا چنین برون ریخته‌اند.
urn:cts:perslit:khayyam.tarane:tkh3.6	khayyam		tarane	"
رباعی ۳۱"		* تا کی ز چراغِ مسجد و دودِ کُنِشْت؟%تا کی ز زیانِ دوزخ و سودِ بهشت؟||رو بر سر لوح بین که استادِ قضا%اندر ازل آن‌چه بودنی بود، نوشت.
urn:cts:perslit:khayyam.tarane:tkh3.7	khayyam		tarane	"
رباعی ۳۲"		* ای دل چو حقیقتِ جهان هست مَجاز،%چندین چه بَری خواری ازین رنجِ دراز!||تن را به قضا سپار و با درد بساز،%کاین رفته قلم زِ بهرِ تو ناید باز.
urn:cts:perslit:khayyam.tarane:tkh3.8	khayyam		tarane	"
رباعی ۳۳"		در گوشِ دلم گفت فلک پنهانی:%حُکمی که قضا بُوَد ز من می‌دانی؟||در گردشِ خود اگر مرا دست بُدی،%خود را برهاندمی ز سر گردانی.
urn:cts:perslit:khayyam.tarane:tkh3.9	khayyam		tarane	"
رباعی ۳۴"		نیکی و بدی که در نهادِ بشر است،%شادی و غمی که در قضا و قدر است،||با چرخ مکن حواله کاندر رَهِ عقل،%چرخ از تو هزار بار بیچاره‌تر است.
urn:cts:perslit:khayyam.tarane:tkh3	khayyam		tarane	"
از ازل نوشته  [۳۴-۲۶]"		
urn:cts:perslit:khayyam.tarane:tkh4.10	khayyam		tarane	"
رباعی ۴۴"		اجزای پیاله‌ای که درهم پیوست،%بشکستنِ آن روا نمی‌دارد مست،||چندین سر و ساقِ نازنین و کفِ دست،%از مِهرِ که پیوست و به کینِ که شکست؟
urn:cts:perslit:khayyam.tarane:tkh4.11	khayyam		tarane	"
رباعی ۴۵"		عالَم اگر ازبهرِ تو می‌آرایند،%مَگْرای بدان که عاقلان نگرایند؛||بسیار چو تو روند و بسیار آیند.%بربای نصیبِ خویش کِتْ بربایند.
urn:cts:perslit:khayyam.tarane:tkh4.12	khayyam		tarane	"
رباعی ۴۶"		از جملهٔ رفتگانِ این راهِ دراز،%بازآمده‌ای کو که به ما گوید راز؟||هان بر سر این دو راهه از روی نیاز،%چیزی نگذاری که نمی‌آیی باز!
urn:cts:perslit:khayyam.tarane:tkh4.13	khayyam		tarane	"
رباعی ۴۷"		می خور که به زیرِ گِل بسی خواهی خفت،%بی مونس و بی رفیق و بی همدم و جفت؛||زنهار به کس مگو تو این رازِ نهفت:%هر لاله که پَژْمُرد، نخواهد بِشْکفت.
urn:cts:perslit:khayyam.tarane:tkh4.14	khayyam		tarane	"
رباعی ۴۸"		* پیری دیدم به خانهٔ خَمّاری،%گفتم: نکنی ز رفتگان اِخباری؟||گفتا، می خور که همچو ما بسیاری،%رفتند و کسی بازنیامد باری!
urn:cts:perslit:khayyam.tarane:tkh4.15	khayyam		tarane	"
رباعی ۴۹"		بسیار بگشتیم به گِرْدِ در و دشت،%اندر همه آفاق بگشتیم به گشت؛||کس را نشنیدیم که آمد زین راه%راهی که برفت، راهرو بازنگشت!
urn:cts:perslit:khayyam.tarane:tkh4.16	khayyam		tarane	"
رباعی ۵۰"		ما لُعْبَتِگانیم و فلک لُعبَت‌باز،%از روی حقیقتی نه از روی مَجاز؛||یک‌چند درین بساط بازی کردیم،%رفتیم به صندوقِ عدم یک‌یک باز!
urn:cts:perslit:khayyam.tarane:tkh4.17	khayyam		tarane	"
رباعی ۵۱"		ای بس که نباشیم و جهان خواهد‌بود،%نی نام زِ ما و نه نشان خواهد‌بود؛||زین پیش نبودیم و نَبُد هیچ خَلَل،%زین پس چو نباشیم همان خواهد‌بود.
urn:cts:perslit:khayyam.tarane:tkh4.18	khayyam		tarane	"
رباعی ۵۲"		بر مَفْرشِ خاک خفتگان می‌بینم،%در زیر زمین نهفتگان می‌بینم؛||چندان‌که به صحرای عدم می‌نگرم،%ناآمدگان و رفتگان می‌بینم!
urn:cts:perslit:khayyam.tarane:tkh4.19	khayyam		tarane	"
رباعی ۵۳"		این کهنه رباط را که عالم نام است%آرامگَهِ اَبْلَقِ صبح و شام است،||بزمی است که واماندهٔ صد جمشید است،%گوری است که خوابگاهِ صد بهرام است!
urn:cts:perslit:khayyam.tarane:tkh4.1	khayyam		tarane	"
رباعی ۳۵"		افسوس که نامهٔ جوانی طی شد،%وان تازه‌بهار زندگانی دی شد؛||حالی که ورا نام جوانی گفتند،%معلوم نشد که او کیْ آمد، کیْ شد!
urn:cts:perslit:khayyam.tarane:tkh4.20	khayyam		tarane	"
رباعی ۵۴"		آن قصر که بهرام درو جام گرفت،%آهو بچه کرد و روبَهْ آرام گرفت؛||بهرام که گور می‌گرفتی همه عمر،%دیدی که چگونه گور بهرام گرفت؟
urn:cts:perslit:khayyam.tarane:tkh4.21	khayyam		tarane	"
رباعی ۵۵"		مرغی دیدم نشسته بر بارهٔ توس،%در چنگ گرفته کلّهٔ کیکاوس،||با کلّه همی‌گفت که: افسوس، افسوس!%کو بانک جَرَس‌ها و کجا نالهٔ کوس؟
urn:cts:perslit:khayyam.tarane:tkh4.22	khayyam		tarane	"
رباعی ۵۶"		آن قصر که بر چرخ همی‌زد پهلو،%بر درگهِ او شهان نهادندی رو،||دیدیم که بر کنگره‌اش فاخته‌ای%بنشسته همی‌گفت که: «کوکو، کوکو؟»
urn:cts:perslit:khayyam.tarane:tkh4.2	khayyam		tarane	"
رباعی ۳۶"		افسوس که سرمایه ز کَف بیرون شد،%در پایِ اَجَل بسی جگرها خون شد!||کس نامد از آن جهان که پرسم از وی:%کاحوالِ مسافرانِ دنیا چون شد.
urn:cts:perslit:khayyam.tarane:tkh4.3	khayyam		tarane	"
رباعی ۳۷"		یک‌چند به کودکی به استاد شدیم؛%یک‌چند ز استادی خود شاد شدیم؛||پایان سخن شنو که مارا چه رسید:%چو آب برآمدیم و چون باد شدیم!
urn:cts:perslit:khayyam.tarane:tkh4.4	khayyam		tarane	"
رباعی ۳۸"		یارانِ موافق همه از دست شدند،%در پای اجل یکان‌یکان پَست شدند،||بودیم به یک شراب در مجلسِ عمر،%یک دَوْر ز ما پیشترک مست شدند!
urn:cts:perslit:khayyam.tarane:tkh4.5	khayyam		tarane	"
رباعی ۳۹"		ای چرخِ فلک خرابی از کینهٔ توست،%بیداد گری پیشهٔ دیرینهٔ توست،||وی خاک اگر سینهٔ تو بشکافند،%بس گوهر قیمتی که در سینهٔ توست.
urn:cts:perslit:khayyam.tarane:tkh4.6	khayyam		tarane	"
رباعی ۴۰"		چون چرخ به کام یک خردمند نگشت،%خواهی تو فلک هفت شِمُر، خواهی هشت،||چون باید مُرد و آرزوها همه هِشْت،%چه مور خورد به گور و چه گرگ به دشت.
urn:cts:perslit:khayyam.tarane:tkh4.7	khayyam		tarane	"
رباعی ۴۱"		یک قطرهٔ آب بود و با دریا شد،%یک ذرّهٔ خاک و با زمین یکتا شد،||آمد شدن تو اندرین عالم چیست؟%آمد مگسی پدید و ناپیدا شد.
urn:cts:perslit:khayyam.tarane:tkh4.8	khayyam		tarane	"
رباعی ۴۲"		* می‌پرسیدی که چیست این نقشِ مجاز،%گر برگویم حقیقتش هست دراز،||نقشی است پدید آمده از دریایی،%و آنگاه شده به قَعْرِ آن دریا باز.
urn:cts:perslit:khayyam.tarane:tkh4.9	khayyam		tarane	"
رباعی ۴۳"		جامی است که عقل آفرین می‌زندش،%صد بوسه زِ مِهْر بر جَبین می‌زندش؛||این کوزه‌گر دَهْر چنین جامِ لطیف%می‌سازد و باز بر زمین می‌زندش!
urn:cts:perslit:khayyam.tarane:tkh4	khayyam		tarane	"
گردش دوران  [۵۶-۳۵]"		
urn:cts:perslit:khayyam.tarane:tkh5.10	khayyam		tarane	"
رباعی ۶۶"		بردار پیاله و سبو ای دل‌جو،%برگَرْد به گِردِ سبزه‌زار و لبِ جو؛||کاین چرخ بسی قَدّ‌ِ بُتانِ مَهْرو،%صد بار پیاله کرد و صد بار سبو!
urn:cts:perslit:khayyam.tarane:tkh5.11	khayyam		tarane	"
رباعی ۶۷"		بر سنگ زدم دوش سبوی کاشی،%سرمست بدم چو کردم این اوباشی؛||با من به زبانِ حال می‌گفت سبو:%من چون تو بُدَم، تو نیز چون من باشی!
urn:cts:perslit:khayyam.tarane:tkh5.12	khayyam		tarane	"
رباعی ۶۸"		زان کوزهٔ میْ که نیست در وی ضرری،%پُر کن قَدَحی بخور، به من دِهْ دگری،||زان پیشتر ای پسر که دررَهْگُذری،%خاک من و تو کوزه کند کوزه‌گری.
urn:cts:perslit:khayyam.tarane:tkh5.13	khayyam		tarane	"
رباعی ۶۹"		* بر کوزه‌گری پریر کردم گذری،%از خاک همی‌نمود هر دَم هنری؛||من دیدم اگر ندید هر بی‌بصری،%خاک پدرم در کف هر کوزه‌گری.
urn:cts:perslit:khayyam.tarane:tkh5.14	khayyam		tarane	"
رباعی ۷۰"		* هان کوزه‌گرا بپای اگر هشیاری،%تا چند کنی بر گِل مردم خواری؟||انگشتِ فریدون و کَفِ کیخسرو،%برچرخ نهاده‌ای، چه می‌پنداری؟
urn:cts:perslit:khayyam.tarane:tkh5.15	khayyam		tarane	"
رباعی ۷۱"		در کارگه کوزه‌گری کردم رای،%بر پلهٔ چرخ دیدم استاد به‌پای،||می‌کرد دلیر کوزه را دسته و سر،%از کَلّهٔ پادشاه و از دست گدای!
urn:cts:perslit:khayyam.tarane:tkh5.16	khayyam		tarane	"
رباعی ۷۲"		این کوزه چو من عاشق زاری بوده‌است،%در بندِ سرِ زلفِ نگاری بوده‌است؛||این دسته که بر گردن او می‌بینی:%دستی است که بر گردن یاری بوده‌است!
urn:cts:perslit:khayyam.tarane:tkh5.17	khayyam		tarane	"
رباعی ۷۳"		در کارگهِ کوزه‌گری بودم دوش،%دیدم دو هزار کوزه گویا و خموش؛||هر یک به زبانِ حال با من گفتند:%«کو کوزه‌گر و کوزه‌خر و کوزه‌فروش؟»
urn:cts:perslit:khayyam.tarane:tkh5.1	khayyam		tarane	"
رباعی ۵۷"		از تن چو برفت جان پاک من و تو،%خشتی دو نهند بر مَغاکِ من و تو؛||و آنگه زِ برایِ خشتِ گورِ دگران،%در کالبدی کشند خاکِ من و تو.
urn:cts:perslit:khayyam.tarane:tkh5.2	khayyam		tarane	"
رباعی ۵۸"		* هر ذره که بر روی زمینی بوده‌است،%خورشید‌رُخی، زُهره‌جَبینی بوده‌است،||گَرْد از رخِ آستین به آزَرْم فشان،%کان هم رخِ خوب نازنینی بوده‌است.
urn:cts:perslit:khayyam.tarane:tkh5.3	khayyam		tarane	"
رباعی ۵۹"		ای پیرِ خردمند پِگَهْ‌تر برخیز،%وان کودکِ خاک‌بیز را بنگر تیز،||پندش ده و گو که، نرم‌نرمک می‌بیز،%مغزِ سرِ کیقباد و چشمِ پرویز!
urn:cts:perslit:khayyam.tarane:tkh5.4	khayyam		tarane	"
رباعی ۶۰"		بنگر ز صبا دامن گل چاک شده،%بلبل ز جمال گُل طَرَبناک شده؛||در سایهٔ گل نشین که بسیار این گل،%از خاک برآمده‌است و در خاک شده!
urn:cts:perslit:khayyam.tarane:tkh5.5	khayyam		tarane	"
رباعی ۶۱"		ابر آمد و زار بر سرِ سبزه گریست،%بی بادهٔ گُلرنگ نمی‌شاید زیست؛||این سبزه که امروز تماشاگه ماست،%تا سبزهٔ خاک ما تماشاگه کیست!
urn:cts:perslit:khayyam.tarane:tkh5.6	khayyam		tarane	"
رباعی ۶۲"		چون ابر به نوروز رخِ لاله بشست،%بر خیز و به جامِ باده کن عزمِ درست،||کاین سبزه که امروز تماشاگه توست،%فردا همه از خاک تو برخواهد رُسْت!
urn:cts:perslit:khayyam.tarane:tkh5.7	khayyam		tarane	"
رباعی ۶۳"		هر سبزه که بر کنار جویی رُسته‌است،%گویی ز لبِ فرشته‌خویی رسته‌است؛||پا بر سر هر سبزه به خواری ننهی،%کان سبزه ز خاک لاله‌رویی رسته‌است.
urn:cts:perslit:khayyam.tarane:tkh5.8	khayyam		tarane	"
رباعی ۶۴"		می خور که فلک بهر هلاک من و تو،%قصدی دارد به جانِ پاک من و تو؛||در سبزه نشین و میِ روشن می‌خور؛%کاین سبزه بسی دمد ز خاک من و تو!
urn:cts:perslit:khayyam.tarane:tkh5.9	khayyam		tarane	"
رباعی ۶۵"		دیدم به سرِ عمارتی مردی فرد،%کاو گِل به لگد می‌زد و خوارش می‌کرد،||وان گِل به زبانِ حال با او می‌گفت:%ساکن، که چو من بسی لگد خواهی‌خورد!
urn:cts:perslit:khayyam.tarane:tkh5	khayyam		tarane	"
ذرات گردنده   [۷۳-۵۷]"		
urn:cts:perslit:khayyam.tarane:tkh6.10	khayyam		tarane	"
رباعی ۸۳"		* یاران به موافقت چو دیدار کنید،%باید که زِ دوست یاد بسیار کنید؛||چون بادهٔ خوشگوار نوشید به هم،%نوبت چو به ما رسد نگونسار کنید.
urn:cts:perslit:khayyam.tarane:tkh6.11	khayyam		tarane	"
رباعی ۸۴"		* آنان‌که اسیر عقل و تمییز شدند،%در حسرتِ هست‌ونیست ناچیز شدند؛||رو با خبرا، تو آب انگور گُزین،%کان بی‌خبران به غوره مِیْویز شدند!
urn:cts:perslit:khayyam.tarane:tkh6.12	khayyam		tarane	"
رباعی ۸۵"		* ای صاحب فتوی، ز تو پرکارتریم،%با این‌همه مستی، از تو هشیارتریم؛||تو خونِ کسان خوری و ما خونِ رَزان،%انصاف بده؛ کدام خونخوارتریم؟
urn:cts:perslit:khayyam.tarane:tkh6.13	khayyam		tarane	"
رباعی ۸۶"		شیخی به زنی فاحشه گفتا: مستی.%هر لحظه به دام دگری پابستی؛||گفتا؛ شیخا، هر آن‌چه گویی هستم،%آیا تو چنان‌که می‌نمایی هستی؟
urn:cts:perslit:khayyam.tarane:tkh6.14	khayyam		tarane	"
رباعی ۸۷"		* گویند که دوزخی بُوَد عاشق و مست،%قولی است خلاف، دل در آن نتوان بست،||گر عاشق و مست دوزخی خواهد بود،%فردا باشد بهشت همچون کفِ دست!
urn:cts:perslit:khayyam.tarane:tkh6.15	khayyam		tarane	"
رباعی ۸۸"		گویند: بهشت و حورعین خواهد‌بود،%و آن‌جا می ناب و اَنْگَبین خواهد‌بود؛||گر ما می و معشوقه گُزیدیم چه باک؟%آخِر نه به عاقبت همین خواهد‌بود؟
urn:cts:perslit:khayyam.tarane:tkh6.16	khayyam		tarane	"
رباعی ۸۹"		* گویند: بهشت و حور و کوثر باشد،%جوی می و شیر و شهد و شکّر باشد؛||پر کن قدح باده و بر دستم نه،%نقدی ز هزار نسیه بهتر باشد.
urn:cts:perslit:khayyam.tarane:tkh6.17	khayyam		tarane	"
رباعی ۹۰"		* گویند بهشتِ عَدْن با حور خوش است،%من می‌گویم که: آب انگور خوش؛||این نقد بگیر و دست از آن نسیه بدار،%کاواز دُهُل برادر از دور خوش است.
urn:cts:perslit:khayyam.tarane:tkh6.18	khayyam		tarane	"
رباعی ۹۱"		کس خُلْد و جَحیم را ندیده‌است ای دل،%گویی که از آن جهان رسیده‌است ای دل؟||امّید و هراسِ ما به چیزی است کزان،%جز نام و نشان نه پدید است ای دل!
urn:cts:perslit:khayyam.tarane:tkh6.19	khayyam		tarane	"
رباعی ۹۲"		* من هیچ ندانم که مرا آن‌که سرشت،%از اهل بهشت کرد، یا دوزخ زشت؛||جامی و بتی و بَربَطی بر لب کِشت.%این هر سه مرا نقد و تو را نسیه بهشت.
urn:cts:perslit:khayyam.tarane:tkh6.1	khayyam		tarane	"
رباعی ۷۴"		گر من ز می مُغانه مستم، هستم،%گر کافِر و گَبْر و بت‌پرستم، هستم،||هر طایفه‌ای به من گمانی دارد،%من زانِ خودم، چُنان‌که هستم هستم.
urn:cts:perslit:khayyam.tarane:tkh6.20	khayyam		tarane	"
رباعی ۹۳"		چون نبست مقام ما درین دهر مُقیم،%پس بی می و معشوق خطایی است عظیم.||تا کی ز قدیم و مُحْدَث امّیدم و بیم؟%چون من رفتم، جهان چه مُحْدَث چه قدیم.
urn:cts:perslit:khayyam.tarane:tkh6.21	khayyam		tarane	"
رباعی ۹۴"		چون آمدنم به من نَبُد روز نخست،%وین رفتنِ بی‌مراد عَزمی است درست،||برخیز و میان ببند ای ساقی چُسْت،%کاندوهِ جهان به می فروخواهم‌شست.
urn:cts:perslit:khayyam.tarane:tkh6.22	khayyam		tarane	"
رباعی ۹۵"		چون عمر به سر رسد، چه بغداد چه بلخ،%پیمانه چو پر شود، چه شیرین و چه تلخ؛||خوش باش که بعد از من و تو ماه بسی،%از سَلْخ به غُرّه آید، از غُرّه به سَلْخ!
urn:cts:perslit:khayyam.tarane:tkh6.23	khayyam		tarane	"
رباعی ۹۶"		* جُز راهِ قَلَندرانِ میخانه مپوی،%جز باده و جز سِماع و جز یار مجوی؛||بر کَفْ قَدَحِ باده و بر دوشْ سبو،%می نوش کن ای نگار و بیهوده مگوی.
urn:cts:perslit:khayyam.tarane:tkh6.24	khayyam		tarane	"
رباعی ۹۷"		* ساقی غمِ من بلند‌آوازه شده‌است،%سرمستیِ من برون ز اندازه شده‌است؛||با مویِ سپیدْ سرخوشم کز میِ تو؛%پیرانه‌سرم بهارِ دل تازه شده‌است.
urn:cts:perslit:khayyam.tarane:tkh6.25	khayyam		tarane	"
رباعی ۹۸"		* تُنْگی میِ لَعْل خواهم و دیوانی،%سَدّ‌ِ رَمَقی باید و نصف نانی،||وانگه من و تو نشسته در ویرانی،%خوشتر بُوَد آن ز مُلْکَتِ سلطانی.
urn:cts:perslit:khayyam.tarane:tkh6.26	khayyam		tarane	"
رباعی ۹۹"		* من ظاهرِ نیستی و هستی دانم،%من باطنِ هر فراز و پستی دانم؛||با این‌همه از دانشِ خود شَرْمَم باد،%گر مرتبه‌ای وَرایِ مستی دانم.
urn:cts:perslit:khayyam.tarane:tkh6.27	khayyam		tarane	"
رباعی ۱۰۰"		از من رَمَقی به سعی ساقی مانده‌است،%وَزْ صحبتِ خلق، بی‌وفایی مانده‌است؛||از بادهٔ دوشین قَدَحی بیش نماند.%از عمر ندانم که چه باقی مانده‌است!
urn:cts:perslit:khayyam.tarane:tkh6.2	khayyam		tarane	"
رباعی ۷۵"		می خوردن و شاد بودن آیین من است،%فارغ بودن ز کفر و دین؛ دین من است؛||گفتم به عروسِ دَهْر: کابین تو چیست؟%گفتا: - دلِ خرّمِ تو کابینِ من است.
urn:cts:perslit:khayyam.tarane:tkh6.3	khayyam		tarane	"
رباعی ۷۶"		من بی می ناب زیستن نتوانم،%بی باده، کشیدِ بارِ تن نتوانم،||من بندهٔ آن دَمَم که ساقی گوید:%«یک جام دگر بگیر» و من نتوانم.
urn:cts:perslit:khayyam.tarane:tkh6.4	khayyam		tarane	"
رباعی ۷۷"		امشب می جامِ یک‌مَنی خواهم‌کرد،%خود را به دو جامِ می غنی خواهم‌کرد؛||اول سه طلاقِ عقل و دین خواهم‌داد،%پس دخترِ رَز را به زنی خواهم‌کرد.
urn:cts:perslit:khayyam.tarane:tkh6.5	khayyam		tarane	"
رباعی ۷۸"		* چون مُرده شوم، خاکِ مرا گُم سازید،%احوالِ مرا عبرتِ مردم سازید؛||خاک تن من به باده آعشته کنید،%وَز کالبدم خشتِ سَرِ خُم سازید.
urn:cts:perslit:khayyam.tarane:tkh6.6	khayyam		tarane	"
رباعی ۷۹"		* چون درگذرم به باده شویید مرا،%تلقین ز شرابِ ناب گویید مرا،||خواهید به روز حَشْر یابید مرا؟%از خاکِ درِ میکده جویید مرا.
urn:cts:perslit:khayyam.tarane:tkh6.7	khayyam		tarane	"
رباعی ۸۰"		* چندان بخورم شراب، کاین بوی شراب%آید ز تُراب، چون روم زیرِ تُراب،||گر بر سر خاک من رسد مَخموری،%از بوی شراب من شود مست و خراب.
urn:cts:perslit:khayyam.tarane:tkh6.8	khayyam		tarane	"
رباعی ۸۱"		روزی که نهالِ عمر من کنده ‌شود،%و اجزام ز یک‌دگر پراکنده شود؛||گر زان‌ که صراحیی کُنند از گِل من،%حالی که ز باده پُر کنی زنده شود.
urn:cts:perslit:khayyam.tarane:tkh6.9	khayyam		tarane	"
رباعی ۸۲"		* در پای اجل چو من سرافکنده شوم،%وز بیخ امید عمر بر کنده شوم،||زینهار، گِلَم به جز صراحی نکنید،%باشد که ز بوی می دمی زنده شوم.
urn:cts:perslit:khayyam.tarane:tkh6	khayyam		tarane	"
هرچه باداباد  [۱۰۰-۷۴]"		
urn:cts:perslit:khayyam.tarane:tkh7.1	khayyam		tarane	"
رباعی ۱۰۱"		ای بیخبران شکلِ مُجَسَّم هیچ است،%وین طارَمِ نُهْ‌سپهرِ اَرْقَم هیچ است،||خوش باش که در نشیمنِ کَوْن ‌و فَساد.%وابستهٔ یک دمیم و آن هم هیچ است!
urn:cts:perslit:khayyam.tarane:tkh7.2	khayyam		tarane	"
رباعی ۱۰۲"		دنیا دیدی و هرچه دیدی هیچ است،%و آن نیز که گفتی و شنیدی هیچ است،||سرتاسرِ آفاق دویدی هیچ است،%و آن نیز که در خانه خزیدی هیچ است.
urn:cts:perslit:khayyam.tarane:tkh7.3	khayyam		tarane	"
رباعی ۱۰۳"		دنیا به مراد رانده گیر، آخِر چه؟%وین نامهٔ عمر خوانده گیر، آخِر چه؟||گیرم که به کامِ دل بماندی صد سال،%صد سال دگر بمانده گیر، آخر چه؟
urn:cts:perslit:khayyam.tarane:tkh7.4	khayyam		tarane	"
رباعی ۱۰۴"		* رندی دیدم نشسته بر خِنْگِ زمین،%نه کفر و نه اسلام و نه دنیا و نه دین،||نی حق، نه حقیقت، نه شریعت نه یقین،%اندر دو جهان کرا بُوَد زَهرهٔ این؟
urn:cts:perslit:khayyam.tarane:tkh7.5	khayyam		tarane	"
رباعی ۱۰۵"		این چرخِ فلک که ما در او حیرانیم،%فانوس خیال از او مثالی دانیم:||خورشیدْ چراغ دان و عالَم فانوس،%ما چون صُوَریم کاندر او گَردانیم.
urn:cts:perslit:khayyam.tarane:tkh7.6	khayyam		tarane	"
رباعی ۱۰۶"		چون نیست زِ هرچه هست جُز باد به دست،%چون هست زِ هرچه هست نُقصان و شکست،||انگار که هست، هرچه در عالَم نیست،%پندار که نیست، هرچه در عالَم هست.
urn:cts:perslit:khayyam.tarane:tkh7.7	khayyam		tarane	"
رباعی ۱۰۷"		بنگر ز جهان چه طَرْف بربستم؟ هیچ،%وَز حاصلِ عمر چیست در دستم؟ هیچ،||شمعِ طَرَبم، ولی چو بنشستم، هیچ،%من جامِ جَمَم، ولی چو بشکستم، هیچ.
urn:cts:perslit:khayyam.tarane:tkh7	khayyam		tarane	"
هیچ است  [۱۰۷-۱۰۱]"		
urn:cts:perslit:khayyam.tarane:tkh8.10	khayyam		tarane	"
رباعی ۱۱۷"		صبح است، دمی بر می گلرنگ زنیم،%وین شیشهٔ نام‌وننگ برسنگ زنیم،||دست از اَمَلِ درازِ خود باز کشیم،%در زلفِ دراز و دامنِ چنگ زنیم.
urn:cts:perslit:khayyam.tarane:tkh8.11	khayyam		tarane	"
رباعی ۱۱۸"		روزی است خوش و هوا نه گرم است و نه سرد،%ابر از رُخِ گزار همی‌شوید گَرْد،||بلبل به زبانِ پهلوی با گلِ زرد،%فریاد همی‌زند گه: می باید خورد!
urn:cts:perslit:khayyam.tarane:tkh8.12	khayyam		tarane	"
رباعی ۱۱۹"		فصلِ گُل و طَرْفِ جویْبار و لبِ کِشْت،%با یک دو سه تازه‌ دلبری حورسرشت؛||پیش آر قَدَح که باده‌نوشانِ صَبوح،%آسوده ز مسجدند و فارغ ز بهشت.
urn:cts:perslit:khayyam.tarane:tkh8.13	khayyam		tarane	"
رباعی ۱۲۰"		بر چهرهٔ گُل نسیمِ نوروز خوش است،%در صَحنِ چمن رویِ دل‌افروز خوش است،||از دی که گذشت هرچه گویی خوش نیست؛%خوش باش و ز دی مگو، که امروز خوش است.
urn:cts:perslit:khayyam.tarane:tkh8.14	khayyam		tarane	"
رباعی ۱۲۱"		ساقی، گل و سبزه بس طربناک شده‌است،%دریاب که هفتهٔ دگر خاک شده‌است؛||می نوش و گُلی بچین، که تا در نگری%گل خاک شده‌است و سبزه خاشاک شده‌است.
urn:cts:perslit:khayyam.tarane:tkh8.15	khayyam		tarane	"
رباعی ۱۲۲"		چون لاله به نوروز قدح گیر به دست،%با لاله‌رخی اگر تو را فرصت هست؛||می نوش به خرمی، که این چرخِ کبود%ناگاه تو را چو خاک گرداند پَست.
urn:cts:perslit:khayyam.tarane:tkh8.16	khayyam		tarane	"
رباعی ۱۲۳"		* هر گه که بنفشه جامه در رنگ زند،%در دامنِ گل بادِ صبا چنگ زند،||هشیار کسی بُوَد که، با سیمْبَری%می نوشد و جام باده بر سنگ زند.
urn:cts:perslit:khayyam.tarane:tkh8.17	khayyam		tarane	"
رباعی ۱۲۴"		برخیز و مخور غمِ جهانِ گُذران،%خوش باش و دمی به شادمانی گذران||در طَبْعِ جهان اگر وفایی بودی،%نوبت به تو خود نیامدی از دگران.
urn:cts:perslit:khayyam.tarane:tkh8.18	khayyam		tarane	"
رباعی ۱۲۵"		در دایرهِٔ سپهرِ ناپیدا غور،%می نوش به خوشدلی که دور است به جور؛||نوبت چو به دوْرِ تو رَسَد آه مکن،%جامی است که جمله را چشانند به دوْر!
urn:cts:perslit:khayyam.tarane:tkh8.19	khayyam		tarane	"
رباعی ۱۲۶"		از درسِ علوم جمله بگریزی بِهْ،%و اندر سرِ زلفِ دلبر آویزی به،||ز آن پیش که روزگار خونت ریزد،%تو خونِ قِنینه در قدح ریزی به.
urn:cts:perslit:khayyam.tarane:tkh8.1	khayyam		tarane	"
رباعی ۱۰۸"		از منزلِ کفر تا به دین، یک نفس است،%وز عالم شک تا به یقین، یک نفس است،||این یک نفسِ عزیز را خوش می‌دار،%کَز حاصلِ عمرِ ما همین یک نفس است.
urn:cts:perslit:khayyam.tarane:tkh8.20	khayyam		tarane	"
رباعی ۱۲۷"		ایّامِ زمانه از کسی دارد ننگ،%کاو در غمِ ایّام نشیند دلتنگ؛||می خور تو در آبگینه با نالهٔ چنگ،%ز آن پیش که آبگینه آید بر سنگ!
urn:cts:perslit:khayyam.tarane:tkh8.21	khayyam		tarane	"
رباعی ۱۲۸"		* از آمدنِ بهار و از رفتنِ دی،%اوراقِ وجودِ ما همی‌گردد طی؛||می خور، مخور اندوه، که گفته‌است حکیم:%غم‌های جهان چو زَهر و تِریاقش می.
urn:cts:perslit:khayyam.tarane:tkh8.22	khayyam		tarane	"
رباعی ۱۲۹"		زان پیش که نامِ تو ز عالَم برود%می خور، که چو می به دل رسد غم برود؛||بگشای سرِ زلفِ بُتی بند ز بند،%زان پیش که بند‌بندت از هم برود!
urn:cts:perslit:khayyam.tarane:tkh8.23	khayyam		tarane	"
رباعی ۱۳۰"		* ای دوست بیا تا غمِ فردا نخوریم،%وین یک‌دمِ عمر را غنیمت شمریم؛||فردا که ازین دیْر کُهَن درگذریم؛%با هفت‌هزارسالگان سربه‌سریم.
urn:cts:perslit:khayyam.tarane:tkh8.24	khayyam		tarane	"
رباعی ۱۳۱"		* تَن زن چو به زیرِ فَلَکِ بی‌باکی،%می نوش چو در جهانِ آفت‌ناکی؛||چون اوّل و آخِرت به جز خاکی نیست،%انگار که بر خاک نه‌ای در خاکی.
urn:cts:perslit:khayyam.tarane:tkh8.25	khayyam		tarane	"
رباعی ۱۳۲"		* می بر کفِ من نِهْ که دلم تاب است،%وین عمرِ گریزپای چون سیماب است،||دریاب که، آتشِ جوانی آب است،%هُش دار، که بیداری دولت خواب است.
urn:cts:perslit:khayyam.tarane:tkh8.26	khayyam		tarane	"
رباعی ۱۳۳"		می نوش که عمرِ جاودانی این است،%خود حاصِلَت از دوْرِ جوانی این است.||هنگامِ گُل و مُل است و یاران سرمست،%خوش باش دمی، که زندگانی این است.
urn:cts:perslit:khayyam.tarane:tkh8.27	khayyam		tarane	"
رباعی ۱۳۴"		با باده نشین، که مُلْکِ محمود این است،%وَزْ چنگ شنو، که لحنِ داوود این است؛||از آمده و رفته دگر یاد مکن،%حالی خوش باش، زان‌که مقصود این است.
urn:cts:perslit:khayyam.tarane:tkh8.28	khayyam		tarane	"
رباعی ۱۳۵"		امروز تو را دسترس فردا نیست،%و اندیشهٔ فردات به جز سودا نیست،||ضایع مکن این دم اَر دلت بیدار است،%کاین باقیِ عمر را بقا پیدا نیست!
urn:cts:perslit:khayyam.tarane:tkh8.29	khayyam		tarane	"
رباعی ۱۳۶"		* دوْرانِ جهان بی می و ساقی هیچ است،%بی زمزمهٔ نایِ عراقی هیچ است؛||هر چند در احوال جهان می‌نگرم،%حاصل همه عشرت است و باقی هیچ است.
urn:cts:perslit:khayyam.tarane:tkh8.2	khayyam		tarane	"
رباعی ۱۰۹"		شادی بطلب که حاصلِ عمر دمی است،%هر ذرّه ز خاکِ کیقبادی و جَمی است،||احوالِ جهان و اصلِ این عمر که هست،%خوابی و خیالی و فریبی و دمی است.
urn:cts:perslit:khayyam.tarane:tkh8.30	khayyam		tarane	"
رباعی ۱۳۷"		تا کی غمِ آن خورم که دارم یا نه؛%وین عمر به خوشدلی گذارم یا نه،||پر کن قدح باده، که معلوم نیست%کاین دم که فرو برم بر آرم یا نه.
urn:cts:perslit:khayyam.tarane:tkh8.31	khayyam		tarane	"
رباعی ۱۳۸"		تا دست به اتفاق بر هم نزنیم،%پایی ز نشاط بر سر غم نزنیم،||خیزیم و دمی زنیم پیش از دمِ صبح،%کاین صبح بسی دمد که ما دَم نزنیم!
urn:cts:perslit:khayyam.tarane:tkh8.32	khayyam		tarane	"
رباعی ۱۳۹"		لب بر لب کوزه بردم از غایت آز،%تا زو طلبم واسطهٔ عمرِ دراز،||لب بر لب من نهاد و می‌گفت به راز:%می خور، که بدین جهان نمی‌آیی باز!
urn:cts:perslit:khayyam.tarane:tkh8.33	khayyam		tarane	"
رباعی ۱۴۰"		خیام، اگر ز باده مستی، خوش باش؛%با لاله‌رخی اگر نشستی، خوش باش؛||چون عاقبتِ کار جهان نیستی است،%انگار که نیستی، چو هستی خوش باش.
urn:cts:perslit:khayyam.tarane:tkh8.34	khayyam		tarane	"
رباعی ۱۴۱"		فردا علم نفاق طی خواهم‌کرد،%با موی سپید قصد می‌خواهم‌کرد،||پیمانهٔ عمر من به هفتاد رسید،%این دم نکنم نشاط، کی خواهم‌ کرد؟
urn:cts:perslit:khayyam.tarane:tkh8.35	khayyam		tarane	"
رباعی ۱۴۲"		گردون نِگَری ز قدّ‌ِ فرسودهٔ ماست،%جیحون اثری ز اشکِ پالودهٔ ماست،||دوزخ شَرَری ز رنجِ بیهودهٔ ماست.%فردوس دمی زِ وقتِ آسودهٔ ماست.
urn:cts:perslit:khayyam.tarane:tkh8.3	khayyam		tarane	"
رباعی ۱۱۰"		تا زُهره و مَهْ در آسمان گشته پدید،%بهتر ز میِ ناب کسی هیچ ندید؛||من در عجبم ز می‌فروشان، کایشان،%زین بِهْ که فروشند چه خواهند‌خرید؟
urn:cts:perslit:khayyam.tarane:tkh8.4	khayyam		tarane	"
رباعی ۱۱۱"		تا زُهره و مَهْ در آسمان گشته پدید،%بهتر ز میِ ناب کسی هیچ ندید؛||من در عجبم ز می‌فروشان، کایشان،%زین بِهْ که فروشند چه خواهند‌خرید؟
urn:cts:perslit:khayyam.tarane:tkh8.5	khayyam		tarane	"
رباعی ۱۱۲"		چون عهده نمی‌شود کسی فردا را،%حالی خوش کن تو این دلِ سودا را،||می نوش به ماهتاب، ای ماه که ماه%بسیار بگردد و نیابد ما را.
urn:cts:perslit:khayyam.tarane:tkh8.6	khayyam		tarane	"
رباعی ۱۱۳"		این قافلهٔ عمر عجب می‌گذرد!%دریاب دمی که با طَرَب می‌گذرد؛||ساقی، غم فردای حریفان چه خوری.%پیش آر پیاله را، که شب می‌گذرد.
urn:cts:perslit:khayyam.tarane:tkh8.7	khayyam		tarane	"
رباعی ۱۱۴"		هنگام سپیده‌دم خروس سحری،%دانی که چرا همی‌کند نوحه‌گری؟||یعنی که: نمودند در آیینهٔ صبح%کز عمر شبی گذشت و تو بیخبری!
urn:cts:perslit:khayyam.tarane:tkh8.8	khayyam		tarane	"
رباعی ۱۱۵"		وقت سحر است، خیز ای مایهٔ ناز،%نرمک‌نرمک باده خور و چنگ نواز،||کان‌ها که بجایند نپایند کسی،%و آن‌ها که شدند کس نمی‌آید باز!
urn:cts:perslit:khayyam.tarane:tkh8.9	khayyam		tarane	"
رباعی ۱۱۶"		هنگام صبوح ای صنمِ فرخْ‌پی%برساز ترانه‌ای و پیش آور می؛||کافکند به خاک صد هزاران جَم و کیْ%این آمدنِ تیرمه و رفتنِ دی.
urn:cts:perslit:khayyam.tarane:tkh8	khayyam		tarane	"
دم را دریابیم   [۱۴۳-۱۰۸]"		
